NPD_WELL_BORE_NAME,NPD_WELL_BORE_CODE,Year,Month,daily_rows,flow_kinds,daily_on_stream,daily_oil,daily_gas,daily_water,daily_wi,monthly_on_stream,monthly_oil,monthly_gas,monthly_water,monthly_wi,_merge
15/9-F-1 C,7405,2014,4,24,production,227.5,11142.470000000001,1597936.65,0.0,,227.5,11142.47,1597936.65,0.0,,both
15/9-F-1 C,7405,2014,5,31,production,733.83334,24901.949999999997,3496229.6500000004,783.48,,733.83334,24901.95,3496229.65,783.48,,both
15/9-F-1 C,7405,2014,6,30,production,705.9166600000001,19617.760000000002,2886661.69,2068.48,,705.91666,19617.76,2886661.69,2068.48,,both
15/9-F-1 C,7405,2014,7,31,production,742.41666,15085.68,2249365.75,6243.9800000000005,,742.41666,15085.68,2249365.75,6243.98,,both
15/9-F-1 C,7405,2014,8,31,production,432.99166,6970.43,1048190.7999999999,4529.75,,432.99166,6970.43,1048190.8,4529.75,,both
15/9-F-1 C,7405,2014,9,30,production,630.3000000000001,9168.43,1414099.99,8317.59,,630.3,9168.43,1414099.99,8317.59,,both
15/9-F-1 C,7405,2014,10,31,production,745.0,9468.060000000001,1462063.99,10364.869999999999,,745.0,9468.06,1462063.99,10364.87,,both
15/9-F-1 C,7405,2014,11,30,production,579.775,6710.33,1044188.2999999999,7234.24,,579.775,6710.33,1044188.3,7234.24,,both
15/9-F-1 C,7405,2014,12,31,production,27.5,120.29,25857.08,183.44,,27.5,120.29,25857.08,183.44,,both
15/9-F-1 C,7405,2015,1,31,production,479.91667,10875.529999999999,1604934.6,6850.8,,479.91667,10875.53,1604934.6,6850.8,,both
15/9-F-1 C,7405,2015,2,28,production,437.41667,9586.640000000001,1439453.6700000002,10744.99,,437.41667,9586.64,1439453.67,10744.99,,both
15/9-F-1 C,7405,2015,3,31,production,320.20833,5879.220000000001,856681.4500000001,11607.44,,320.20833,5879.22,856681.45,11607.44,,both
15/9-F-1 C,7405,2015,4,30,production,262.83333,3924.1800000000003,566709.81,9815.160000000002,,262.83333,3924.18,566709.81,9815.16,,both
15/9-F-1 C,7405,2015,5,31,production,181.08333,3832.69,559060.34,6167.47,,181.08333,3832.69,559060.34,6167.47,,both
15/9-F-1 C,7405,2015,6,30,production,466.44986,6344.500000000001,925337.4799999997,14548.690000000002,,466.44986,6344.5,925337.48,14548.69,,both
15/9-F-1 C,7405,2015,7,31,production,241.66667,2093.95,315178.95999999996,8454.259999999998,,241.66667,2093.95,315178.96,8454.26,,both
15/9-F-1 C,7405,2015,8,31,production,147.79167,2871.0200000000004,427692.58999999997,5334.030000000001,,147.79167,2871.02,427692.59,5334.03,,both
15/9-F-1 C,7405,2015,9,30,production,384.46680000000003,6460.27,961548.4199999999,14767.12,,384.4668,6460.27,961548.42,14767.12,,both
15/9-F-1 C,7405,2015,10,31,production,367.79986,4085.7999999999997,631372.56,13538.710000000001,,367.79986,4085.8,631372.56,13538.71,,both
15/9-F-1 C,7405,2015,11,30,production,301.25833,3332.05,508384.43000000005,11682.31,,301.25833,3332.05,508384.43,11682.31,,both
15/9-F-1 C,7405,2015,12,31,production,197.65833,2949.42,454911.30000000005,6231.549999999999,,197.65833,2949.42,454911.3,6231.55,,both
15/9-F-1 C,7405,2016,1,31,production,387.68334,2981.44,471675.9600000001,14036.28,,387.68334,2981.44,471675.96,14036.28,,both
15/9-F-1 C,7405,2016,2,29,production,484.48332,4718.03,742339.77,15945.73,,484.48332,4718.03,742339.77,15945.73,,both
15/9-F-1 C,7405,2016,3,31,production,356.75833,2917.4999999999995,476830.19000000006,13410.889999999998,,356.75833,2917.5,476830.19,13410.89,,both
15/9-F-1 C,7405,2016,4,21,production,140.82499,1671.69,274213.17000000004,4441.13,,140.82499,1671.69,274213.17,4441.13,,both
15/9-F-11,7078,2013,7,24,production,112.91514000000001,3923.08,590504.52,0.0,,112.91514,3923.08,590504.52,0.0,,both
15/9-F-11,7078,2013,8,31,production,586.7166699999999,25496.070000000003,3871942.31,520.01,,586.71667,25496.07,3871942.31,520.01,,both
15/9-F-11,7078,2013,9,29,production,538.91667,23775.079999999998,3661574.0,1573.6100000000001,,538.91667,23775.08,3661574.0,1573.61,,both
15/9-F-11,7078,2013,10,31,production,678.4999100000001,34114.49999999999,5272724.289999999,1926.53,,678.49991,34114.5,5272724.29,1926.53,,both
15/9-F-11,7078,2013,11,30,production,712.0,35386.35,5413486.14,3791.2200000000003,,712.0,35386.35,5413486.14,3791.22,,both
15/9-F-11,7078,2013,12,31,production,662.08335,33405.75,5190658.819999999,4963.26,,662.08335,33405.75,5190658.82,4963.26,,both
15/9-F-11,7078,2014,1,30,production,668.08333,34552.369999999995,5193353.219999999,4343.49,,668.08333,34552.37,5193353.22,4343.49,,both
15/9-F-11,7078,2014,2,27,production,562.66666,28189.97,4255282.68,2841.3699999999994,,562.66666,28189.97,4255282.68,2841.37,,both
15/9-F-11,7078,2014,3,31,production,655.49999,33290.79,5039849.750000001,3692.2200000000003,,655.49999,33290.79,5039849.75,3692.22,,both
15/9-F-11,7078,2014,4,30,production,691.51685,35428.729999999996,5301958.800000001,4124.45,,691.51685,35428.73,5301958.8,4124.45,,both
15/9-F-11,7078,2014,5,31,production,731.5,34831.88,4902619.28,5017.469999999999,,731.5,34831.88,4902619.28,5017.47,,both
15/9-F-11,7078,2014,6,30,production,709.33333,33898.64,4990684.5200000005,6083.59,,709.33333,33898.64,4990684.52,6083.59,,both
15/9-F-11,7078,2014,7,31,production,742.6666700000001,33760.33,5035917.29,6800.85,,742.66667,33760.33,5035917.29,6800.85,,both
15/9-F-11,7078,2014,8,31,production,599.1166900000001,26037.539999999994,4033770.42,6076.520000000002,,599.11669,26037.54,4033770.42,6076.52,,both
15/9-F-11,7078,2014,9,30,production,690.66667,33221.64000000001,5220328.68,8349.05,,690.66667,33221.64,5220328.68,8349.05,,both
15/9-F-11,7078,2014,10,31,production,745.0,33851.72,5237208.3,10287.900000000001,,745.0,33851.72,5237208.3,10287.9,,both
15/9-F-11,7078,2014,11,30,production,692.3918100000001,26611.500000000004,4153116.2900000005,9403.58,,692.39181,26611.5,4153116.29,9403.58,,both
15/9-F-11,7078,2014,12,31,production,733.8582,8547.919999999998,1413111.6400000001,3079.05,,733.8582,8547.92,1413111.64,3079.05,,both
15/9-F-11,7078,2015,1,31,production,708.33333,29561.800000000007,4358978.95,13860.600000000002,,708.33333,29561.8,4358978.95,13860.6,,both
15/9-F-11,7078,2015,2,28,production,632.1666700000001,25347.219999999998,3836073.6899999995,14061.01,,632.16667,25347.22,3836073.69,14061.01,,both
15/9-F-11,7078,2015,3,31,production,743.8333299999999,44316.19,6516700.49,19387.300000000003,,743.83333,44316.19,6516700.49,19387.3,,both
15/9-F-11,7078,2015,4,30,production,720.0,54555.759999999995,7956467.49,23839.719999999994,,720.0,54555.76,7956467.49,23839.72,,both
15/9-F-11,7078,2015,5,31,production,744.0,55029.219999999994,8027510.4399999995,24425.529999999995,,744.0,55029.22,8027510.44,24425.53,,both
15/9-F-11,7078,2015,6,30,production,718.8166699999999,48231.1,7065851.59,22891.62,,718.81667,48231.1,7065851.59,22891.62,,both
15/9-F-11,7078,2015,7,31,production,744.0,43784.66,6508853.29,36195.93,,744.0,43784.66,6508853.29,36195.93,,both
15/9-F-11,7078,2015,8,31,production,632.01681,31498.149999999998,4769902.18,31870.44,,632.01681,31498.15,4769902.18,31870.44,,both
15/9-F-11,7078,2015,9,30,production,718.7245800000001,31424.589999999993,4748109.86,37411.85,,718.72458,31424.59,4748109.86,37411.85,,both
15/9-F-11,7078,2015,10,31,production,626.8918100000001,29724.780000000002,4501570.0200000005,38022.56,,626.89181,29724.78,4501570.02,38022.56,,both
15/9-F-11,7078,2015,11,30,production,671.3081999999999,36410.23,5558573.35,57058.60999999999,,671.3082,36410.23,5558573.35,57058.61,,both
15/9-F-11,7078,2015,12,31,production,740.1666700000001,35933.9,5504665.459999999,62976.280000000006,,740.16667,35933.9,5504665.46,62976.28,,both
15/9-F-11,7078,2016,1,31,production,736.4999899999999,31603.260000000002,4949940.78,67980.66,,736.49999,31603.26,4949940.78,67980.66,,both
15/9-F-11,7078,2016,2,29,production,695.5833299999999,25954.569999999996,4093286.5599999996,66610.48999999999,,695.58333,25954.57,4093286.56,66610.49,,both
15/9-F-11,7078,2016,3,31,production,743.0,25023.660000000003,4032038.1,76636.95999999999,,743.0,25023.66,4032038.1,76636.96,,both
15/9-F-11,7078,2016,4,30,production,579.0833200000001,13429.000000000002,2194427.05,57931.659999999996,,579.08332,13429.0,2194427.05,57931.66,,both
15/9-F-11,7078,2016,5,31,production,744.0,15528.75,2450713.77,73445.23000000001,,744.0,15528.75,2450713.77,73445.23,,both
15/9-F-11,7078,2016,6,30,production,718.4166700000001,14590.609999999997,2349131.22,71699.35,,718.41667,14590.61,2349131.22,71699.35,,both
15/9-F-11,7078,2016,7,31,production,740.00101,14384.880000000003,2309447.4700000007,77084.72,,740.00101,14384.88,2309447.47,77084.72,,both
15/9-F-11,7078,2016,8,31,production,743.6666700000001,14583.73,2341371.55,87762.18999999997,,743.66667,14583.73,2341371.55,87762.19,,both
15/9-F-11,7078,2016,9,17,production,392.27514,8609.18,1458816.3499999999,46779.39,,392.27514,8609.18,1458816.35,46779.39,,both
15/9-F-12,5599,2008,2,18,production,406.62498999999997,49091.060000000005,7068009.29,412.60999999999996,,406.62499,49091.06,7068009.29,412.61,,both
15/9-F-12,5599,2008,3,31,production,655.10834,83361.26,12191170.91,27.419999999999998,,655.10834,83361.26,12191170.91,27.42,,both
15/9-F-12,5599,2008,4,29,production,613.64666,74532.44999999998,11506440.739999998,482.05,,613.64666,74532.45,11506440.74,482.05,,both
15/9-F-12,5599,2008,5,31,production,716.19167,125478.56,19091871.52,16280.12,,716.19167,125478.56,19091871.52,16280.12,,both
15/9-F-12,5599,2008,6,30,production,675.91669,143786.85,21512333.93,474.37,,675.91669,143786.85,21512333.93,474.37,,both
15/9-F-12,5599,2008,7,31,production,710.7416499999999,114994.61,17116441.779999997,290.02,,710.74165,114994.61,17116441.78,290.02,,both
15/9-F-12,5599,2008,8,30,production,672.83334,97822.46,14143008.240000002,354.18,,672.83334,97822.46,14143008.24,354.18,,both
15/9-F-12,5599,2008,9,30,production,567.9749899999999,77666.95000000001,11185944.41,188.39,,567.97499,77666.95,11185944.41,188.39,,both
15/9-F-12,5599,2008,10,31,production,737.50001,94357.23,13430833.950000003,624.0499999999998,,737.50001,94357.23,13430833.95,624.05,,both
15/9-F-12,5599,2008,11,30,production,712.6666700000001,145915.55999999997,20837122.259999998,2390.31,,712.66667,145915.56,20837122.26,2390.31,,both
15/9-F-12,5599,2008,12,31,production,744.0,166439.66999999998,24106361.740000006,1003.3100000000001,,744.0,166439.67,24106361.74,1003.31,,both
15/9-F-12,5599,2009,1,31,production,740.83332,153677.16,22255224.019999992,389.76,,740.83332,153677.16,22255224.02,389.76,,both
15/9-F-12,5599,2009,2,28,production,656.30834,121905.00999999998,17427051.540000003,0.0,,656.30834,121905.01,17427051.54,0.0,,both
15/9-F-12,5599,2009,3,31,production,506.33333999999996,92958.71,13123546.99,0.0,,506.33334,92958.71,13123546.99,0.0,,both
15/9-F-12,5599,2009,4,30,production,719.1666700000001,150955.68,20931107.810000002,1246.2899999999995,,719.16667,150955.68,20931107.81,1246.29,,both
15/9-F-12,5599,2009,5,30,production,695.1666600000001,141039.01,19366853.43,3106.49,,695.16666,141039.01,19366853.43,3106.49,,both
15/9-F-12,5599,2009,6,30,production,715.31666,132429.71000000002,17787475.65,2658.63,,715.31666,132429.71,17787475.65,2658.63,,both
15/9-F-12,5599,2009,7,31,production,742.16666,106105.24999999999,14721967.200000001,3289.44,,742.16666,106105.25,14721967.2,3289.44,,both
15/9-F-12,5599,2009,8,30,production,589.075,112414.26999999999,15676349.959999997,5024.01,,589.075,112414.27,15676349.96,5024.01,,both
15/9-F-12,5599,2009,9,29,production,493.25,90098.89,12553421.69,2235.08,,493.25,90098.89,12553421.69,2235.08,,both
15/9-F-12,5599,2009,10,31,production,683.74166,126939.65,17819694.28,6812.79,,683.74166,126939.65,17819694.28,6812.79,,both
15/9-F-12,5599,2009,11,30,production,705.75001,136015.68,19181583.580000002,11286.869999999997,,705.75001,136015.68,19181583.58,11286.87,,both
15/9-F-12,5599,2009,12,31,production,728.5,158001.52,22160862.449999996,17321.2,,728.5,158001.52,22160862.45,17321.2,,both
15/9-F-12,5599,2010,1,31,production,742.16666,149658.83000000002,21044604.02,30230.269999999997,,742.16666,149658.83,21044604.02,30230.27,,both
15/9-F-12,5599,2010,2,27,production,608.725,103026.0,14520589.940000001,43215.66,,608.725,103026.0,14520589.94,43215.66,,both
15/9-F-12,5599,2010,3,29,production,647.66666,101571.61000000002,14278518.8,53998.50000000001,,647.66666,101571.61,14278518.8,53998.5,,both
15/9-F-12,5599,2010,4,30,production,705.99999,86253.61,12161145.93,67996.09,,705.99999,86253.61,12161145.93,67996.09,,both
15/9-F-12,5599,2010,5,31,production,733.16667,77113.55999999998,10970381.300000003,74438.30999999998,,733.16667,77113.56,10970381.3,74438.31,,both
15/9-F-12,5599,2010,6,30,production,717.1666700000001,69617.37,9944534.269999998,83268.35999999999,,717.16667,69617.37,9944534.27,83268.36,,both
15/9-F-12,5599,2010,7,31,production,742.33334,64039.689999999995,9283376.77,95054.15000000001,,742.33334,64039.69,9283376.77,95054.15,,both
15/9-F-12,5599,2010,8,27,production,427.43334,30117.36,4346504.25,54787.65,,427.43334,30117.36,4346504.25,54787.65,,both
15/9-F-12,5599,2010,9,30,production,644.7499899999999,51312.93,7750210.879999998,89428.79999999999,,644.74999,51312.93,7750210.88,89428.8,,both
15/9-F-12,5599,2010,10,31,production,743.00001,51430.58,7741377.239999999,99542.87,,743.00001,51430.58,7741377.24,99542.87,,both
15/9-F-12,5599,2010,11,30,production,690.3333299999999,44468.45,6747077.6400000015,102235.65,,690.33333,44468.45,6747077.64,102235.65,,both
15/9-F-12,5599,2010,12,31,production,741.3333299999999,45217.96,6910660.46,111335.88999999998,,741.33333,45217.96,6910660.46,111335.89,,both
15/9-F-12,5599,2011,1,31,production,743.5,44746.54999999999,6824000.89,116885.54000000001,,743.5,44746.55,6824000.89,116885.54,,both
15/9-F-12,5599,2011,2,25,production,557.24999,29157.49,4519227.07,85274.18,,557.24999,29157.49,4519227.07,85274.18,,both
15/9-F-12,5599,2011,3,31,production,729.83334,37395.049999999996,5760219.21,113239.35000000002,,729.83334,37395.05,5760219.21,113239.35,,both
15/9-F-12,5599,2011,4,30,production,717.9166700000001,37819.719999999994,5877460.870000001,116196.38,,717.91667,37819.72,5877460.87,116196.38,,both
15/9-F-12,5599,2011,5,31,production,736.0416700000001,37204.71,5801740.289999999,119567.46999999999,,736.04167,37204.71,5801740.29,119567.47,,both
15/9-F-12,5599,2011,6,22,production,463.26667000000003,22026.059999999998,3412025.7699999996,74563.43999999999,,463.26667,22026.06,3412025.77,74563.44,,both
15/9-F-12,5599,2011,7,28,production,245.24669,12462.420000000002,1823751.35,31887.51,,245.24669,12462.42,1823751.35,31887.51,,both
15/9-F-12,5599,2011,8,31,production,651.4933199999999,36380.15,5446516.53,99004.87,,651.49332,36380.15,5446516.53,99004.87,,both
15/9-F-12,5599,2011,9,30,production,707.0,29999.170000000002,4566406.76,110471.84000000001,,707.0,29999.17,4566406.76,110471.84,,both
15/9-F-12,5599,2011,10,27,production,325.66166,12647.5,1919664.23,52875.8,,325.66166,12647.5,1919664.23,52875.8,,both
15/9-F-12,5599,2011,11,25,production,459.33334,21789.050000000003,3242433.6799999997,75772.93000000001,,459.33334,21789.05,3242433.68,75772.93,,both
15/9-F-12,5599,2011,12,25,production,424.82166,18090.2,2650493.31,64676.69,,424.82166,18090.2,2650493.31,64676.69,,both
15/9-F-12,5599,2012,1,19,production,399.65833999999995,18217.850000000002,2722573.4499999997,63857.71000000001,,399.65834,18217.85,2722573.45,63857.71,,both
15/9-F-12,5599,2012,2,29,production,688.75833,27362.260000000002,4289924.83,133954.93000000002,,688.75833,27362.26,4289924.83,133954.93,,both
15/9-F-12,5599,2012,3,31,production,740.41666,26679.88,4276185.920000001,142184.01,,740.41666,26679.88,4276185.92,142184.01,,both
15/9-F-12,5599,2012,4,30,production,710.29167,24088.350000000002,3866150.19,138112.43,,710.29167,24088.35,3866150.19,138112.43,,both
15/9-F-12,5599,2012,5,31,production,737.6916699999999,22415.15,3630958.27,140203.42999999996,,737.69167,22415.15,3630958.27,140203.43,,both
15/9-F-12,5599,2012,6,30,production,711.33334,20887.38,3394646.36,134081.24,,711.33334,20887.38,3394646.36,134081.24,,both
15/9-F-12,5599,2012,7,31,production,744.0,21206.940000000002,3444768.69,140164.53,,744.0,21206.94,3444768.69,140164.53,,both
15/9-F-12,5599,2012,8,29,production,288.625,8998.240000000002,1376155.0799999998,54786.619999999995,,288.625,8998.24,1376155.08,54786.62,,both
15/9-F-12,5599,2012,9,16,production,26.99166,1013.9300000000001,156920.4,4513.08,,26.99166,1013.93,156920.4,4513.08,,both
15/9-F-12,5599,2012,10,27,production,610.175,19612.85,3067585.400000001,121317.42999999998,,610.175,19612.85,3067585.4,121317.43,,both
15/9-F-12,5599,2012,11,30,production,720.0,19018.879999999997,3086439.76,134909.36,,720.0,19018.88,3086439.76,134909.36,,both
15/9-F-12,5599,2012,12,31,production,700.24999,16320.65,2717290.0300000003,131667.43,,700.24999,16320.65,2717290.03,131667.43,,both
15/9-F-12,5599,2013,1,31,production,744.0,17408.570000000003,2881178.96,139783.93,,744.0,17408.57,2881178.96,139783.93,,both
15/9-F-12,5599,2013,2,28,production,672.0,15087.380000000001,2461248.5199999996,126325.44,,672.0,15087.38,2461248.52,126325.44,,both
15/9-F-12,5599,2013,3,28,production,307.76833,6305.8099999999995,1053665.62,57120.76,,307.76833,6305.81,1053665.62,57120.76,,both
15/9-F-12,5599,2013,4,26,production,513.46573,12351.340000000002,2055291.86,102945.43,,513.46573,12351.34,2055291.86,102945.43,,both
15/9-F-12,5599,2013,5,31,production,732.05834,16313.4,2757755.1700000004,147164.68999999997,,732.05834,16313.4,2757755.17,147164.69,,both
15/9-F-12,5599,2013,6,28,production,566.6750000000001,11899.57,2037219.8299999998,112559.07,,566.675,11899.57,2037219.83,112559.07,,both
15/9-F-12,5599,2013,7,31,production,581.275,11861.630000000001,1919702.47,112172.58000000002,,581.275,11861.63,1919702.47,112172.58,,both
15/9-F-12,5599,2013,8,31,production,687.97685,15147.18,2354241.49,152994.91,,687.97685,15147.18,2354241.49,152994.91,,both
15/9-F-12,5599,2013,9,29,production,589.9849999999999,9223.53,1446819.3100000003,104678.40999999999,,589.985,9223.53,1446819.31,104678.41,,both
15/9-F-12,5599,2013,10,31,production,680.0,8305.01,1283583.5,137534.62000000002,,680.0,8305.01,1283583.5,137534.62,,both
15/9-F-12,5599,2013,11,30,production,648.64167,7170.5599999999995,1102962.23,122993.19,,648.64167,7170.56,1102962.23,122993.19,,both
15/9-F-12,5599,2013,12,31,production,633.4,7079.520000000001,1101388.53,125859.26,,633.4,7079.52,1101388.53,125859.26,,both
15/9-F-12,5599,2014,1,30,production,486.14167999999995,4997.24,766195.72,87030.25999999998,,486.14168,4997.24,766195.72,87030.26,,both
15/9-F-12,5599,2014,2,27,production,561.9,6101.4,921967.0099999999,110297.86,,561.9,6101.4,921967.01,110297.86,,both
15/9-F-12,5599,2014,3,31,production,656.7242600000001,6835.66,1036071.1799999999,127351.18,,656.72426,6835.66,1036071.18,127351.18,,both
15/9-F-12,5599,2014,4,30,production,693.0183300000001,5892.01,883605.0000000001,141144.82,,693.01833,5892.01,883605.0,141144.82,,both
15/9-F-12,5599,2014,5,31,production,427.32999,3237.7000000000003,469664.00000000006,88748.25999999998,,427.32999,3237.7,469664.0,88748.26,,both
15/9-F-12,5599,2014,6,30,production,707.33333,5751.2,846733.74,152034.68000000002,,707.33333,5751.2,846733.74,152034.68,,both
15/9-F-12,5599,2014,7,31,production,743.1666700000001,5791.840000000001,864045.93,152314.38,,743.16667,5791.84,864045.93,152314.38,,both
15/9-F-12,5599,2014,8,31,production,593.3666599999999,4448.49,704538.1599999999,126629.08999999998,,593.36666,4448.49,704538.16,126629.09,,both
15/9-F-12,5599,2014,9,30,production,685.83333,5062.59,803970.6699999999,149375.77999999994,,685.83333,5062.59,803970.67,149375.78,,both
15/9-F-12,5599,2014,10,31,production,745.0,5385.61,833120.5700000002,155365.68,,745.0,5385.61,833120.57,155365.68,,both
15/9-F-12,5599,2014,11,30,production,580.9416699999999,4495.06,700998.22,114660.7,,580.94167,4495.06,700998.22,114660.7,,both
15/9-F-12,5599,2014,12,31,production,0.0,0.0,0.0,0.0,,0.0,0.0,0.0,0.0,,both
15/9-F-12,5599,2015,1,31,production,715.5833299999999,25712.55,3780459.4300000006,11588.220000000001,,715.58333,25712.55,3780459.43,11588.22,,both
15/9-F-12,5599,2015,2,28,production,622.79666,19578.55,2960674.2399999998,15115.499999999998,,622.79666,19578.55,2960674.24,15115.5,,both
15/9-F-12,5599,2015,3,31,production,665.125,19341.43,2853432.83,19255.660000000003,,665.125,19341.43,2853432.83,19255.66,,both
15/9-F-12,5599,2015,4,30,production,720.0,19796.559999999998,2889394.960000001,20808.06,,720.0,19796.56,2889394.96,20808.06,,both
15/9-F-12,5599,2015,5,31,production,744.0,16996.480000000003,2479620.4,25200.83,,744.0,16996.48,2479620.4,25200.83,,both
15/9-F-12,5599,2015,6,30,production,709.3166699999999,19536.300000000003,2859707.1000000006,32902.67999999999,,709.31667,19536.3,2859707.1,32902.68,,both
15/9-F-12,5599,2015,7,31,production,744.0,19157.45,2846820.92,36480.53,,744.0,19157.45,2846820.92,36480.53,,both
15/9-F-12,5599,2015,8,31,production,636.6833300000001,13473.269999999999,2047120.71,31629.020000000004,,636.68333,13473.27,2047120.71,31629.02,,both
15/9-F-12,5599,2015,9,30,production,719.32486,12494.509999999998,1888048.66,35065.35999999999,,719.32486,12494.51,1888048.66,35065.36,,both
15/9-F-12,5599,2015,10,31,production,738.6666700000001,11888.63,1821328.1500000001,38151.12000000001,,738.66667,11888.63,1821328.15,38151.12,,both
15/9-F-12,5599,2015,11,30,production,719.50001,11369.480000000001,1748311.35,37662.49999999999,,719.50001,11369.48,1748311.35,37662.5,,both
15/9-F-12,5599,2015,12,31,production,731.33334,10855.97,1662453.1800000004,37287.99999999999,,731.33334,10855.97,1662453.18,37288.0,,both
15/9-F-12,5599,2016,1,31,production,736.4999899999999,9494.98,1487340.0600000003,38969.86,,736.49999,9494.98,1487340.06,38969.86,,both
15/9-F-12,5599,2016,2,29,production,695.5833299999999,7644.119999999999,1205549.1,35253.46,,695.58333,7644.12,1205549.1,35253.46,,both
15/9-F-12,5599,2016,3,31,production,743.0,7359.930000000001,1185893.56,40507.21000000001,,743.0,7359.93,1185893.56,40507.21,,both
15/9-F-12,5599,2016,4,30,production,718.8333299999999,6152.17,1015034.36,37126.04000000001,,718.83333,6152.17,1015034.36,37126.04,,both
15/9-F-12,5599,2016,5,31,production,740.5,5865.129999999999,925513.84,36147.78,,740.5,5865.13,925513.84,36147.78,,both
15/9-F-12,5599,2016,6,30,production,703.25833,5408.3099999999995,870533.4,34608.45,,703.25833,5408.31,870533.4,34608.45,,both
15/9-F-12,5599,2016,7,31,production,703.7259300000001,4533.82,729319.16,29940.18,,703.72593,4533.82,729319.16,29940.18,,both
15/9-F-12,5599,2016,8,31,production,285.89167,1442.03,232557.71000000002,10937.14,,285.89167,1442.03,232557.71,10937.14,,both
15/9-F-12,5599,2016,9,17,production,0.0,0.0,0.0,0.0,,0.0,0.0,0.0,0.0,,both
15/9-F-14,5351,2008,2,18,production,0.0,0.0,0.0,0.0,,0.0,0.0,0.0,0.0,,both
15/9-F-14,5351,2008,3,31,production,0.0,0.0,0.0,0.0,,0.0,0.0,0.0,0.0,,both
15/9-F-14,5351,2008,4,29,production,0.0,0.0,0.0,0.0,,0.0,0.0,0.0,0.0,,both
15/9-F-14,5351,2008,5,31,production,0.0,0.0,0.0,0.0,,0.0,0.0,0.0,0.0,,both
15/9-F-14,5351,2008,6,30,production,0.0,0.0,0.0,0.0,,0.0,0.0,0.0,0.0,,both
15/9-F-14,5351,2008,7,31,production,437.57,51285.079999999994,7538861.069999999,126.17,,437.57,51285.08,7538861.07,126.17,,both
15/9-F-14,5351,2008,8,30,production,458.4,67621.2,9780532.34,222.53,,458.4,67621.2,9780532.34,222.53,,both
15/9-F-14,5351,2008,9,30,production,642.70833,114596.26000000001,16340514.749999998,275.73,,642.70833,114596.26,16340514.75,275.73,,both
15/9-F-14,5351,2008,10,31,production,742.5000000000001,142817.06,20326866.32,101.25000000000001,,742.5,142817.06,20326866.32,101.25,,both
15/9-F-14,5351,2008,11,30,production,717.8333299999999,104409.61000000002,14906020.009999998,189.89,,717.83333,104409.61,14906020.01,189.89,,both
15/9-F-14,5351,2008,12,31,production,744.0,110199.28,15956253.450000003,66.54,,744.0,110199.28,15956253.45,66.54,,both
15/9-F-14,5351,2009,1,31,production,705.1666499999999,115572.65999999999,16718455.33,977.7900000000001,,705.16665,115572.66,16718455.33,977.79,,both
15/9-F-14,5351,2009,2,28,production,638.41668,113880.98,16254377.439999998,2529.2399999999993,,638.41668,113880.98,16254377.44,2529.24,,both
15/9-F-14,5351,2009,3,31,production,530.80333,90644.43999999999,12702463.22,1678.1699999999998,,530.80333,90644.44,12702463.22,1678.17,,both
15/9-F-14,5351,2009,4,30,production,537.63334,86944.06000000001,11926656.18,246.47,,537.63334,86944.06,11926656.18,246.47,,both
15/9-F-14,5351,2009,5,30,production,694.6666700000001,116175.04,15944548.83,3440.0499999999993,,694.66667,116175.04,15944548.83,3440.05,,both
15/9-F-14,5351,2009,6,30,production,691.8999799999999,86654.03000000001,12141881.109999998,5731.179999999999,,691.89998,86654.03,12141881.11,5731.18,,both
15/9-F-14,5351,2009,7,31,production,742.16666,64871.81999999999,9127860.49,6772.729999999999,,742.16666,64871.82,9127860.49,6772.73,,both
15/9-F-14,5351,2009,8,30,production,656.82498,112493.49999999999,15664621.809999999,20793.78,,656.82498,112493.5,15664621.81,20793.78,,both
15/9-F-14,5351,2009,9,29,production,509.07500999999996,90349.8,12564633.24,15274.84,,509.07501,90349.8,12564633.24,15274.84,,both
15/9-F-14,5351,2009,10,31,production,655.42499,96707.31999999999,13556584.819999998,26099.06,,655.42499,96707.32,13556584.82,26099.06,,both
15/9-F-14,5351,2009,11,30,production,709.25001,98043.5,13821883.66,39016.450000000004,,709.25001,98043.5,13821883.66,39016.45,,both
15/9-F-14,5351,2009,12,31,production,726.66667,89514.35,12552907.780000001,56173.42,,726.66667,89514.35,12552907.78,56173.42,,both
15/9-F-14,5351,2010,1,31,production,742.16666,82221.25,11561301.92,70004.15999999999,,742.16666,82221.25,11561301.92,70004.16,,both
15/9-F-14,5351,2010,2,27,production,610.1750000000001,62092.979999999996,8751248.290000001,62000.25000000001,,610.175,62092.98,8751248.29,62000.25,,both
15/9-F-14,5351,2010,3,29,production,654.10832,66989.24999999999,9421805.36,64560.84999999999,,654.10832,66989.25,9421805.36,64560.85,,both
15/9-F-14,5351,2010,4,30,production,679.8083300000001,73035.81,10288470.420000002,69865.31,,679.80833,73035.81,10288470.42,69865.31,,both
15/9-F-14,5351,2010,5,31,production,740.1666700000001,87809.28,12490295.91,85315.44,,740.16667,87809.28,12490295.91,85315.44,,both
15/9-F-14,5351,2010,6,30,production,717.75,75309.82,10756576.800000003,96580.92000000001,,717.75,75309.82,10756576.8,96580.92,,both
15/9-F-14,5351,2010,7,31,production,742.4166700000001,69600.25,10073534.35,101216.34999999999,,742.41667,69600.25,10073534.35,101216.35,,both
15/9-F-14,5351,2010,8,27,production,425.1,38413.72999999999,5543252.279999998,56452.9,,425.1,38413.73,5543252.28,56452.9,,both
15/9-F-14,5351,2010,9,30,production,566.14999,55405.21000000001,8260552.19,66506.81999999999,,566.14999,55405.21,8260552.19,66506.82,,both
15/9-F-14,5351,2010,10,31,production,743.16666,78755.31,11853846.580000002,100949.14,,743.16666,78755.31,11853846.58,100949.14,,both
15/9-F-14,5351,2010,11,30,production,683.41667,62555.48000000001,9485348.68,96969.98,,683.41667,62555.48,9485348.68,96969.98,,both
15/9-F-14,5351,2010,12,31,production,741.5,63886.229999999996,9763159.53,111640.46,,741.5,63886.23,9763159.53,111640.46,,both
15/9-F-14,5351,2011,1,31,production,744.0,61328.44999999999,9353204.41,111168.01999999999,,744.0,61328.45,9353204.41,111168.02,,both
15/9-F-14,5351,2011,2,25,production,561.5,44066.310000000005,6830109.59,79492.12999999999,,561.5,44066.31,6830109.59,79492.13,,both
15/9-F-14,5351,2011,3,31,production,732.5,56709.96000000001,8733754.97,117498.23,,732.5,56709.96,8733754.97,117498.23,,both
15/9-F-14,5351,2011,4,30,production,717.6666700000001,51814.24,8052242.88,122053.6,,717.66667,51814.24,8052242.88,122053.6,,both
15/9-F-14,5351,2011,5,31,production,741.25,51121.62,7972927.680000001,129331.86000000002,,741.25,51121.62,7972927.68,129331.86,,both
15/9-F-14,5351,2011,6,22,production,465.175,31194.510000000002,4835912.149999999,81258.76999999999,,465.175,31194.51,4835912.15,81258.77,,both
15/9-F-14,5351,2011,7,28,production,254.50833,20211.31,3064565.93,42012.13,,254.50833,20211.31,3064565.93,42012.13,,both
15/9-F-14,5351,2011,8,31,production,652.3249999999999,49730.28,7681607.89,108934.76999999999,,652.325,49730.28,7681607.89,108934.77,,both
15/9-F-14,5351,2011,9,30,production,708.0,51053.130000000005,8021384.18,133957.61,,708.0,51053.13,8021384.18,133957.61,,both
15/9-F-14,5351,2011,10,27,production,327.07499,21807.23,3406338.4,56487.87,,327.07499,21807.23,3406338.4,56487.87,,both
15/9-F-14,5351,2011,11,25,production,464.30833,35043.89,5381237.58,73586.39,,464.30833,35043.89,5381237.58,73586.39,,both
15/9-F-14,5351,2011,12,25,production,436.65001,34166.4,5142969.72,74442.90000000001,,436.65001,34166.4,5142969.72,74442.9,,both
15/9-F-14,5351,2012,1,19,production,363.81667,27309.230000000003,4156158.7199999997,57518.38,,363.81667,27309.23,4156158.72,57518.38,,both
15/9-F-14,5351,2012,2,29,production,692.66666,36797.659999999996,5598558.93,55275.84,,692.66666,36797.66,5598558.93,55275.84,,both
15/9-F-14,5351,2012,3,31,production,740.83334,34745.590000000004,5378188.670000001,60225.91,,740.83334,34745.59,5378188.67,60225.91,,both
15/9-F-14,5351,2012,4,30,production,720.0,36509.79000000001,5673229.819999999,72811.23999999999,,720.0,36509.79,5673229.82,72811.24,,both
15/9-F-14,5351,2012,5,31,production,741.08334,35051.96000000001,5495387.93,82877.31000000001,,741.08334,35051.96,5495387.93,82877.31,,both
15/9-F-14,5351,2012,6,30,production,711.1666700000001,31665.549999999992,4980411.28,80184.2,,711.16667,31665.55,4980411.28,80184.2,,both
15/9-F-14,5351,2012,7,31,production,744.0,32960.7,5181262.48,83969.55999999998,,744.0,32960.7,5181262.48,83969.56,,both
15/9-F-14,5351,2012,8,29,production,288.625,12689.839999999998,1974233.5199999998,33257.32,,288.625,12689.84,1974233.52,33257.32,,both
15/9-F-14,5351,2012,9,16,production,30.78333,1655.0800000000002,245981.03000000003,2918.1899999999996,,30.78333,1655.08,245981.03,2918.19,,both
15/9-F-14,5351,2012,10,27,production,610.175,33944.02,5155057.850000001,60061.380000000005,,610.175,33944.02,5155057.85,60061.38,,both
15/9-F-14,5351,2012,11,30,production,720.0,34931.659999999996,5485685.31,87226.64,,720.0,34931.66,5485685.31,87226.64,,both
15/9-F-14,5351,2012,12,31,production,710.99999,30122.890000000003,4854889.04,93523.46,,710.99999,30122.89,4854889.04,93523.46,,both
15/9-F-14,5351,2013,1,31,production,744.0,30184.799999999996,4834717.200000001,99784.43,,744.0,30184.8,4834717.2,99784.43,,both
15/9-F-14,5351,2013,2,28,production,667.9166700000001,26595.53,4196331.85,92120.59,,667.91667,26595.53,4196331.85,92120.59,,both
15/9-F-14,5351,2013,3,28,production,508.30167,18816.52,2783792.79,70618.72,,508.30167,18816.52,2783792.79,70618.72,,both
15/9-F-14,5351,2013,4,26,production,557.3333299999999,22875.42,3676256.9499999997,79450.26000000001,,557.33333,22875.42,3676256.95,79450.26,,both
15/9-F-14,5351,2013,5,31,production,733.50001,27661.53,4525932.119999999,109553.2,,733.50001,27661.53,4525932.12,109553.2,,both
15/9-F-14,5351,2013,6,28,production,630.0833299999999,22298.260000000002,3652742.8900000006,93413.23999999999,,630.08333,22298.26,3652742.89,93413.24,,both
15/9-F-14,5351,2013,7,31,production,660.8416700000001,22602.780000000002,3553396.55,94589.44999999998,,660.84167,22602.78,3553396.55,94589.45,,both
15/9-F-14,5351,2013,8,31,production,687.825,21666.900000000005,3259563.5500000003,91453.17000000001,,687.825,21666.9,3259563.55,91453.17,,both
15/9-F-14,5351,2013,9,29,production,626.825,17870.719999999998,2707856.27,92677.04999999999,,626.825,17870.72,2707856.27,92677.05,,both
15/9-F-14,5351,2013,10,31,production,658.66666,18441.109999999997,2757135.1799999997,96753.56999999999,,658.66666,18441.11,2757135.18,96753.57,,both
15/9-F-14,5351,2013,11,30,production,681.25,19248.66,2853579.7,103737.86999999998,,681.25,19248.66,2853579.7,103737.87,,both
15/9-F-14,5351,2013,12,31,production,630.0833299999999,15495.969999999998,2330523.9899999998,97307.31999999998,,630.08333,15495.97,2330523.99,97307.32,,both
15/9-F-14,5351,2014,1,30,production,673.25,16686.58,2426753.21,106725.73999999999,,673.25,16686.58,2426753.21,106725.74,,both
15/9-F-14,5351,2014,2,27,production,598.60834,14766.130000000001,2161271.57,96430.28,,598.60834,14766.13,2161271.57,96430.28,,both
15/9-F-14,5351,2014,3,31,production,677.16666,14954.840000000002,2196383.0199999996,101501.18000000001,,677.16666,14954.84,2196383.02,101501.18,,both
15/9-F-14,5351,2014,4,30,production,701.4583299999999,16572.239999999998,2398888.0900000003,104862.29,,701.45833,16572.24,2398888.09,104862.29,,both
15/9-F-14,5351,2014,5,31,production,701.5,13637.020000000002,1943519.3699999999,98851.21000000002,,701.5,13637.02,1943519.37,98851.21,,both
15/9-F-14,5351,2014,6,30,production,710.0,13257.99,1951326.48,103420.97,,710.0,13257.99,1951326.48,103420.97,,both
15/9-F-14,5351,2014,7,31,production,743.08334,13495.980000000003,2012912.64,99765.12000000001,,743.08334,13495.98,2012912.64,99765.12,,both
15/9-F-14,5351,2014,8,31,production,599.78333,8443.73,1333766.6399999997,82815.84000000001,,599.78333,8443.73,1333766.64,82815.84,,both
15/9-F-14,5351,2014,9,30,production,689.66666,9622.21,1516704.37,97941.37,,689.66666,9622.21,1516704.37,97941.37,,both
15/9-F-14,5351,2014,10,31,production,745.0,10076.219999999998,1558794.24,104963.40000000001,,745.0,10076.22,1558794.24,104963.4,,both
15/9-F-14,5351,2014,11,30,production,708.5,10386.410000000002,1643092.74,103384.87,,708.5,10386.41,1643092.74,103384.87,,both
15/9-F-14,5351,2014,12,31,production,740.83334,9665.11,1601950.3,100254.93999999999,,740.83334,9665.11,1601950.3,100254.94,,both
15/9-F-14,5351,2015,1,31,production,718.13333,9120.98,1357132.5999999996,95024.85,,718.13333,9120.98,1357132.6,95024.85,,both
15/9-F-14,5351,2015,2,28,production,655.0583300000001,7178.799999999999,1092571.0399999998,91844.46000000002,,655.05833,7178.8,1092571.04,91844.46,,both
15/9-F-14,5351,2015,3,31,production,744.0,8069.039999999999,1195524.2500000002,107454.33,,744.0,8069.04,1195524.25,107454.33,,both
15/9-F-14,5351,2015,4,30,production,720.0,7687.2,1121236.5,101303.06000000001,,720.0,7687.2,1121236.5,101303.06,,both
15/9-F-14,5351,2015,5,31,production,744.0,7147.790000000001,1042506.8200000002,102927.47,,744.0,7147.79,1042506.82,102927.47,,both
15/9-F-14,5351,2015,6,30,production,718.8166699999999,6069.93,889055.8600000001,100367.07,,718.81667,6069.93,889055.86,100367.07,,both
15/9-F-14,5351,2015,7,31,production,741.04194,6720.739999999999,999142.2399999999,96224.54,,741.04194,6720.74,999142.24,96224.54,,both
15/9-F-14,5351,2015,8,31,production,629.39181,4876.31,737504.5299999999,79596.64,,629.39181,4876.31,737504.53,79596.64,,both
15/9-F-14,5351,2015,9,30,production,719.07486,5300.41,799234.86,84511.31000000001,,719.07486,5300.41,799234.86,84511.31,,both
15/9-F-14,5351,2015,10,31,production,741.9166700000001,5634.86,863230.2799999999,97864.97,,741.91667,5634.86,863230.28,97864.97,,both
15/9-F-14,5351,2015,11,30,production,719.50001,5431.56,835108.42,96061.08,,719.50001,5431.56,835108.42,96061.08,,both
15/9-F-14,5351,2015,12,31,production,740.5,5158.09,790131.36,94593.74999999999,,740.5,5158.09,790131.36,94593.75,,both
15/9-F-14,5351,2016,1,31,production,736.33332,4606.3,721123.8699999999,97147.72,,736.33332,4606.3,721123.87,97147.72,,both
15/9-F-14,5351,2016,2,29,production,695.5833299999999,3941.77,621658.73,86357.85,,695.58333,3941.77,621658.73,86357.85,,both
15/9-F-14,5351,2016,3,31,production,737.66666,3753.8,604911.1599999999,98119.24000000002,,737.66666,3753.8,604911.16,98119.24,,both
15/9-F-14,5351,2016,4,30,production,715.8333299999999,3112.41,514414.42,91934.95000000001,,715.83333,3112.41,514414.42,91934.95,,both
15/9-F-14,5351,2016,5,31,production,738.0,3212.96,506857.03,89415.55000000002,,738.0,3212.96,506857.03,89415.55,,both
15/9-F-14,5351,2016,6,30,production,716.0833299999999,3075.03,495103.6999999999,88380.71999999997,,716.08333,3075.03,495103.7,88380.72,,both
15/9-F-14,5351,2016,7,31,production,301.225,1326.8600000000001,215288.51999999996,37892.520000000004,,301.225,1326.86,215288.52,37892.52,,both
15/9-F-14,5351,2016,8,31,production,0.0,0.0,0.0,0.0,,0.0,0.0,0.0,0.0,,both
15/9-F-14,5351,2016,9,17,production,0.0,0.0,0.0,0.0,,0.0,0.0,0.0,0.0,,both
15/9-F-15 D,7289,2014,1,19,production,339.91666999999995,5674.629999999999,820968.96,0.0,,339.91667,5674.63,820968.96,0.0,,both
15/9-F-15 D,7289,2014,2,27,production,595.65001,7898.599999999999,1196183.89,0.0,,595.65001,7898.6,1196183.89,0.0,,both
15/9-F-15 D,7289,2014,3,31,production,670.75,7081.47,1076363.95,0.0,,670.75,7081.47,1076363.95,0.0,,both
15/9-F-15 D,7289,2014,4,30,production,700.875,7163.3,1074270.3299999998,0.0,,700.875,7163.3,1074270.33,0.0,,both
15/9-F-15 D,7289,2014,5,31,production,744.0,7218.61,1014000.0200000001,0.0,,744.0,7218.61,1014000.02,0.0,,both
15/9-F-15 D,7289,2014,6,30,production,709.33334,7012.550000000001,1032224.4799999999,0.0,,709.33334,7012.55,1032224.48,0.0,,both
15/9-F-15 D,7289,2014,7,31,production,732.6663900000001,6847.419999999999,1021004.3099999999,0.0,,732.66639,6847.42,1021004.31,0.0,,both
15/9-F-15 D,7289,2014,8,31,production,433.325,3475.39,526611.07,0.0,,433.325,3475.39,526611.07,0.0,,both
15/9-F-15 D,7289,2014,9,30,production,647.45834,5314.55,833248.65,0.0,,647.45834,5314.55,833248.65,0.0,,both
15/9-F-15 D,7289,2014,10,31,production,733.33333,5732.969999999998,886879.1600000001,182.78,,733.33333,5732.97,886879.16,182.78,,both
15/9-F-15 D,7289,2014,11,30,production,597.375,4716.31,732052.1200000001,192.87,,597.375,4716.31,732052.12,192.87,,both
15/9-F-15 D,7289,2014,12,31,production,0.0,0.0,0.0,0.0,,0.0,0.0,0.0,0.0,,both
15/9-F-15 D,7289,2015,1,31,production,697.4666599999999,5975.510000000001,878873.5900000001,207.79000000000002,,697.46666,5975.51,878873.59,207.79,,both
15/9-F-15 D,7289,2015,2,28,production,649.39166,4581.29,696960.15,258.99,,649.39166,4581.29,696960.15,258.99,,both
15/9-F-15 D,7289,2015,3,31,production,665.6666700000001,4133.47,610220.4199999999,309.74,,665.66667,4133.47,610220.42,309.74,,both
15/9-F-15 D,7289,2015,4,30,production,720.0,4259.92,621371.1400000001,318.03,,720.0,4259.92,621371.14,318.03,,both
15/9-F-15 D,7289,2015,5,31,production,737.1666700000001,4057.96,591890.28,301.77,,737.16667,4057.96,591890.28,301.77,,both
15/9-F-15 D,7289,2015,6,30,production,718.98334,3665.7999999999997,537022.7999999999,291.57,,718.98334,3665.8,537022.8,291.57,,both
15/9-F-15 D,7289,2015,7,31,production,420.18361,2238.4500000000003,329941.91000000003,184.75,,420.18361,2238.45,329941.91,184.75,,both
15/9-F-15 D,7289,2015,8,31,production,276.29096999999996,3577.67,542285.9199999999,1856.5800000000002,,276.29097,3577.67,542285.92,1856.58,,both
15/9-F-15 D,7289,2015,9,30,production,719.15805,7417.350000000001,1121246.68,3986.619999999999,,719.15805,7417.35,1121246.68,3986.62,,both
15/9-F-15 D,7289,2015,10,31,production,743.1666700000001,6346.829999999999,972413.69,3628.6200000000003,,743.16667,6346.83,972413.69,3628.62,,both
15/9-F-15 D,7289,2015,11,30,production,438.72541,3926.01,605737.54,2740.4700000000003,,438.72541,3926.01,605737.54,2740.47,,both
15/9-F-15 D,7289,2015,12,31,production,541.175,4919.04,751606.7100000001,5075.939999999999,,541.175,4919.04,751606.71,5075.94,,both
15/9-F-15 D,7289,2016,1,31,production,350.4,2890.93,445568.02,3648.91,,350.4,2890.93,445568.02,3648.91,,both
15/9-F-15 D,7289,2016,2,29,production,694.75,5109.330000000001,805794.8500000001,5891.02,,694.75,5109.33,805794.85,5891.02,,both
15/9-F-15 D,7289,2016,3,31,production,550.65832,3747.55,600593.9099999999,5035.04,,550.65832,3747.55,600593.91,5035.04,,both
15/9-F-15 D,7289,2016,4,30,production,576.50834,4544.160000000001,751127.4899999999,5688.099999999999,,576.50834,4544.16,751127.49,5688.1,,both
15/9-F-15 D,7289,2016,5,31,production,677.1666700000001,4699.01,740192.6100000001,6004.129999999999,,677.16667,4699.01,740192.61,6004.13,,both
15/9-F-15 D,7289,2016,6,30,production,604.91666,3463.91,555535.97,5390.499999999999,,604.91666,3463.91,555535.97,5390.5,,both
15/9-F-15 D,7289,2016,7,31,production,138.375,828.57,133160.33000000002,1172.18,,138.375,828.57,133160.33,1172.18,,both
15/9-F-15 D,7289,2016,8,31,production,0.0,0.0,0.0,0.0,,0.0,0.0,0.0,0.0,,both
15/9-F-15 D,7289,2016,9,17,production,0.0,0.0,0.0,0.0,,0.0,0.0,0.0,0.0,,both
15/9-F-4,5693,2007,9,30,injection,,,,,,,,,,,both
15/9-F-4,5693,2007,10,31,injection,,,,,,,,,,,both
15/9-F-4,5693,2007,11,30,injection,,,,,,,,,,,both
15/9-F-4,5693,2007,12,31,injection,,,,,,,,,,,both
15/9-F-4,5693,2008,1,31,injection,0.0,,,,,0.0,,,,,both
15/9-F-4,5693,2008,2,29,injection,0.0,,,,,0.0,,,,,both
15/9-F-4,5693,2008,3,31,injection,0.0,,,,,0.0,,,,0.0,both
15/9-F-4,5693,2008,4,30,injection,118.65,,,,29752.686893425645,118.65,,,,29752.6868934256,both
15/9-F-4,5693,2008,5,31,injection,714.005,,,,221337.10647416668,714.005,,,,221337.106474167,both
15/9-F-4,5693,2008,6,30,injection,598.81667,,,,211803.65386397135,598.81667,,,,211803.653863971,both
15/9-F-4,5693,2008,7,31,injection,620.8083300000001,,,,232029.66274033333,620.80833,,,,232029.662740333,both
15/9-F-4,5693,2008,8,31,injection,663.0750200000001,,,,213913.2638939707,663.07502,,,,213913.263893971,both
15/9-F-4,5693,2008,9,30,injection,558.14562,,,,98583.3012661537,558.14562,,,,98583.3012661537,both
15/9-F-4,5693,2008,10,31,injection,701.91667,,,,233503.405901225,701.91667,,,,233503.405901225,both
15/9-F-4,5693,2008,11,30,injection,711.6666700000001,,,,222126.09922840583,711.66667,,,,222126.099228406,both
15/9-F-4,5693,2008,12,31,injection,742.66666,,,,263191.8366777083,742.66666,,,,263191.836677708,both
15/9-F-4,5693,2009,1,31,injection,699.33332,,,,246659.90359416668,699.33332,,,,246659.903594167,both
15/9-F-4,5693,2009,2,28,injection,639.6666700000001,,,,221133.68071604165,639.66667,,,,221133.680716042,both
15/9-F-4,5693,2009,3,31,injection,191.08332000000001,,,,61187.968703333325,191.08332,,,,61187.9687033333,both
15/9-F-4,5693,2009,4,30,injection,543.8,,,,106559.34592500002,543.8,,,,106559.345925,both
15/9-F-4,5693,2009,5,31,injection,710.5,,,,231503.0955797917,710.5,,,,231503.095579792,both
15/9-F-4,5693,2009,6,30,injection,690.6499899999999,,,,129987.98364666667,690.64999,,,,129987.983646667,both
15/9-F-4,5693,2009,7,31,injection,734.8333299999999,,,,191228.27029624998,734.83333,,,,191228.27029625,both
15/9-F-4,5693,2009,8,31,injection,704.8250000000002,,,,191924.357519375,704.825,,,,191924.357519375,both
15/9-F-4,5693,2009,9,30,injection,509.66667,,,,163785.32184013125,509.66667,,,,163785.321840131,both
15/9-F-4,5693,2009,10,31,injection,683.72853,,,,182104.727543237,683.72853,,,,182104.727543237,both
15/9-F-4,5693,2009,11,30,injection,706.24999,,,,203874.34742511902,706.24999,,,,203874.347425119,both
15/9-F-4,5693,2009,12,31,injection,739.5,,,,219529.2367096713,739.5,,,,219529.236709671,both
15/9-F-4,5693,2010,1,31,injection,735.1666700000001,,,,222678.95831334722,735.16667,,,,222678.958313347,both
15/9-F-4,5693,2010,2,28,injection,596.1666700000001,,,,185785.74133456073,596.16667,,,,185785.741334561,both
15/9-F-4,5693,2010,3,31,injection,622.40834,,,,168939.05111095053,622.40834,,,,168939.051110951,both
15/9-F-4,5693,2010,4,30,injection,669.83335,,,,222633.11720426992,669.83335,,,,222633.11720427,both
15/9-F-4,5693,2010,5,31,injection,744.0,,,,252526.34641145833,744.0,,,,252526.346411458,both
15/9-F-4,5693,2010,6,30,injection,715.6666700000001,,,,210363.8406129344,715.66667,,,,210363.840612934,both
15/9-F-4,5693,2010,7,31,injection,743.5,,,,198041.39615416664,743.5,,,,198041.396154167,both
15/9-F-4,5693,2010,8,31,injection,420.26666,,,,108631.75795894576,420.26666,,,,108631.757958946,both
15/9-F-4,5693,2010,9,30,injection,631.15833,,,,145251.24517686537,631.15833,,,,145251.245176865,both
15/9-F-4,5693,2010,10,31,injection,700.57499,,,,194727.43141278377,700.57499,,,,194727.431412784,both
15/9-F-4,5693,2010,11,30,injection,644.84167,,,,167466.12895319442,644.84167,,,,167466.128953194,both
15/9-F-4,5693,2010,12,31,injection,716.83334,,,,188426.12491277483,716.83334,,,,188426.124912775,both
15/9-F-4,5693,2011,1,31,injection,731.0833299999999,,,,189083.6503304167,731.08333,,,,189083.650330417,both
15/9-F-4,5693,2011,2,28,injection,536.74998,,,,135389.67994562685,536.74998,,,,135389.679945627,both
15/9-F-4,5693,2011,3,31,injection,716.2500100000001,,,,184841.17272310285,716.25001,,,,184841.172723103,both
15/9-F-4,5693,2011,4,30,injection,696.5,,,,180529.41843450762,696.5,,,,180529.418434508,both
15/9-F-4,5693,2011,5,31,injection,737.25001,,,,188176.55544130952,737.25001,,,,188176.55544131,both
15/9-F-4,5693,2011,6,30,injection,436.09167,,,,120235.26120116228,436.09167,,,,120235.261201162,both
15/9-F-4,5693,2011,7,31,injection,248.09168,,,,65179.63285541667,248.09168,,,,65179.6328554167,both
15/9-F-4,5693,2011,8,31,injection,642.8249999999999,,,,173404.70385102305,642.825,,,,173404.703851023,both
15/9-F-4,5693,2011,9,30,injection,689.16666,,,,174968.31468,689.16666,,,,174968.31468,both
15/9-F-4,5693,2011,10,31,injection,329.05,,,,77827.95683270834,329.05,,,,77827.9568327083,both
15/9-F-4,5693,2011,11,30,injection,475.16665,,,,121602.28925604167,475.16665,,,,121602.289256042,both
15/9-F-4,5693,2011,12,31,injection,438.68335,,,,109912.56099395834,438.68335,,,,109912.560993958,both
15/9-F-4,5693,2012,1,31,injection,426.24999999999994,,,,91244.76426375,426.25,,,,91244.76426375,both
15/9-F-4,5693,2012,2,29,injection,691.0833299999999,,,,147124.84801437502,691.08333,,,,147124.848014375,both
15/9-F-4,5693,2012,3,31,injection,735.0833399999999,,,,149154.71056209237,735.08334,,,,149154.710562092,both
15/9-F-4,5693,2012,4,30,injection,720.0,,,,147365.65297375,720.0,,,,147365.65297375,both
15/9-F-4,5693,2012,5,31,injection,733.08334,,,,149129.81431458335,733.08334,,,,149129.814314583,both
15/9-F-4,5693,2012,6,30,injection,710.1666700000001,,,,144762.43055020832,710.16667,,,,144762.430550208,both
15/9-F-4,5693,2012,7,31,injection,744.0,,,,150430.98627999998,744.0,,,,150430.98628,both
15/9-F-4,5693,2012,8,31,injection,292.125,,,,58172.37461895833,292.125,,,,58172.3746189583,both
15/9-F-4,5693,2012,9,30,injection,31.65833,,,,6025.007743333334,31.65833,,,,6025.00774333333,both
15/9-F-4,5693,2012,10,31,injection,507.99165000000005,,,,110449.68220083334,507.99165,,,,110449.682200833,both
15/9-F-4,5693,2012,11,30,injection,720.0,,,,162488.44678416668,720.0,,,,162488.446784167,both
15/9-F-4,5693,2012,12,31,injection,698.50001,,,,144569.26191479166,698.50001,,,,144569.261914792,both
15/9-F-4,5693,2013,1,31,injection,734.25001,,,,155627.704288125,734.25001,,,,155627.704288125,both
15/9-F-4,5693,2013,2,28,injection,672.0,,,,138901.75543000002,672.0,,,,138901.75543,both
15/9-F-4,5693,2013,3,31,injection,483.35168000000004,,,,96659.95246624999,483.35168,,,,96659.95246625,both
15/9-F-4,5693,2013,4,30,injection,563.5033299999999,,,,116028.21117708334,563.50333,,,,116028.211177083,both
15/9-F-4,5693,2013,5,31,injection,681.80001,,,,156535.02406208334,681.80001,,,,156535.024062083,both
15/9-F-4,5693,2013,6,30,injection,573.33333,,,,132162.42720416668,573.33333,,,,132162.427204167,both
15/9-F-4,5693,2013,7,31,injection,652.7083299999999,,,,133542.63593229168,652.70833,,,,133542.635932292,both
15/9-F-4,5693,2013,8,31,injection,689.71666,,,,156070.85594812498,689.71666,,,,156070.855948125,both
15/9-F-4,5693,2013,9,30,injection,608.44167,,,,130322.73272812499,608.44167,,,,130322.732728125,both
15/9-F-4,5693,2013,10,31,injection,650.41667,,,,144742.56787083333,650.41667,,,,144742.567870833,both
15/9-F-4,5693,2013,11,30,injection,682.3333299999999,,,,155972.70506125002,682.33333,,,,155972.70506125,both
15/9-F-4,5693,2013,12,31,injection,676.24999,,,,148594.15725416667,676.24999,,,,148594.157254167,both
15/9-F-4,5693,2014,1,31,injection,682.08334,,,,147807.99611625,682.08334,,,,147807.99611625,both
15/9-F-4,5693,2014,2,28,injection,579.105,,,,131023.21383999997,579.105,,,,131023.21384,both
15/9-F-4,5693,2014,3,31,injection,685.99999,,,,154097.21124868657,685.99999,,,,154097.211248687,both
15/9-F-4,5693,2014,4,30,injection,707.5416700000001,,,,185314.47003520833,707.54167,,,,185314.470035208,both
15/9-F-4,5693,2014,5,31,injection,606.33334,,,,156189.17630393174,606.33334,,,,156189.176303932,both
15/9-F-4,5693,2014,6,30,injection,697.99643,,,,202240.5579125,697.99643,,,,202240.5579125,both
15/9-F-4,5693,2014,7,31,injection,742.1666700000001,,,,226583.87923500003,742.16667,,,,226583.879235,both
15/9-F-4,5693,2014,8,31,injection,607.3000099999999,,,,184109.82605354165,607.30001,,,,184109.826053542,both
15/9-F-4,5693,2014,9,30,injection,693.3333299999999,,,,199867.76395625004,693.33333,,,,199867.76395625,both
15/9-F-4,5693,2014,10,31,injection,742.33334,,,,219621.85870388334,742.33334,,,,219621.858703883,both
15/9-F-4,5693,2014,11,30,injection,619.8833300000001,,,,166856.73774291662,619.88333,,,,166856.737742917,both
15/9-F-4,5693,2014,12,31,injection,292.05833,,,,66671.23168125,292.05833,,,,66671.23168125,both
15/9-F-4,5693,2015,1,31,injection,675.8833400000001,,,,81160.89921020834,675.88334,,,,81160.8992102083,both
15/9-F-4,5693,2015,2,28,injection,588.88334,,,,126376.88448729168,588.88334,,,,126376.884487292,both
15/9-F-4,5693,2015,3,31,injection,744.0,,,,137054.80379046194,744.0,,,,137054.803790462,both
15/9-F-4,5693,2015,4,30,injection,707.6666700000001,,,,143683.08407666665,707.66667,,,,143683.084076667,both
15/9-F-4,5693,2015,5,31,injection,744.0,,,,128648.16758000001,744.0,,,,128648.16758,both
15/9-F-4,5693,2015,6,30,injection,717.45,,,,161283.08737583333,717.45,,,,161283.087375833,both
15/9-F-4,5693,2015,7,31,injection,739.675,,,,156312.54031166667,739.675,,,,156312.540311667,both
15/9-F-4,5693,2015,8,31,injection,614.6673599999999,,,,114753.050129375,614.66736,,,,114753.050129375,both
15/9-F-4,5693,2015,9,30,injection,715.9837600000001,,,,133755.40317208332,715.98376,,,,133755.403172083,both
15/9-F-4,5693,2015,10,31,injection,728.59946,,,,135860.21653292503,728.59946,,,,135860.216532925,both
15/9-F-4,5693,2015,11,30,injection,698.5,,,,160504.98263479173,698.5,,,,160504.982634792,both
15/9-F-4,5693,2015,12,31,injection,739.24999,,,,152921.63690145835,739.24999,,,,152921.636901458,both
15/9-F-4,5693,2016,1,31,injection,721.3333299999999,,,,152129.93557458333,721.33333,,,,152129.935574583,both
15/9-F-4,5693,2016,2,29,injection,693.4166700000001,,,,148078.12622041669,693.41667,,,,148078.126220417,both
15/9-F-4,5693,2016,3,31,injection,743.0,,,,141201.78562062499,743.0,,,,141201.785620625,both
15/9-F-4,5693,2016,4,30,injection,701.8333299999999,,,,220078.3151354167,701.83333,,,,220078.315135417,both
15/9-F-4,5693,2016,5,31,injection,744.0,,,,269279.17616104166,744.0,,,,269279.176161042,both
15/9-F-4,5693,2016,6,30,injection,708.5833299999999,,,,257281.26086979167,708.58333,,,,257281.260869792,both
15/9-F-4,5693,2016,7,31,injection,608.64998,,,,197975.70744,608.64998,,,,197975.70744,both
15/9-F-4,5693,2016,8,31,injection,656.5833299999999,,,,132382.87739520834,656.58333,,,,132382.877395208,both
15/9-F-4,5693,2016,9,30,injection,340.10833,,,,61200.875995416674,340.10833,,,,61200.8759954167,both
15/9-F-4,5693,2016,10,7,injection,,,,,,,,,,,both
15/9-F-4,5693,2016,11,1,injection,,,,,,,,,,,both
15/9-F-4,5693,2016,12,1,injection,,,,,,,,,,,both
15/9-F-5,5769,2007,9,30,injection,,,,,,,,,,,both
15/9-F-5,5769,2007,10,31,injection,,,,,,,,,,,both
15/9-F-5,5769,2007,11,30,injection,,,,,,,,,,,both
15/9-F-5,5769,2007,12,31,injection,,,,,,,,,,,both
15/9-F-5,5769,2008,1,31,injection,0.0,,,,,0.0,,,,,both
15/9-F-5,5769,2008,2,29,injection,0.0,,,,,0.0,,,,,both
15/9-F-5,5769,2008,3,31,injection,0.0,,,,0.0,0.0,,,,0.0,both
15/9-F-5,5769,2008,4,30,injection,0.0,,,,,0.0,,,,,both
15/9-F-5,5769,2008,5,31,injection,0.0,,,,,0.0,,,,,both
15/9-F-5,5769,2008,6,30,injection,0.0,,,,,0.0,,,,,both
15/9-F-5,5769,2008,7,31,injection,0.0,,,,,0.0,,,,,both
15/9-F-5,5769,2008,8,31,injection,98.08167,,,,14480.932077115383,98.08167,,,,14480.9320771154,both
15/9-F-5,5769,2008,9,30,injection,557.88057,,,,64814.28652447526,557.88057,,,,64814.2865244753,both
15/9-F-5,5769,2008,10,31,injection,563.99999,,,,122254.37173542322,563.99999,,,,122254.371735423,both
15/9-F-5,5769,2008,11,30,injection,716.1666700000001,,,,219779.98439821557,716.16667,,,,219779.984398216,both
15/9-F-5,5769,2008,12,31,injection,742.25,,,,270199.39982958336,742.25,,,,270199.399829583,both
15/9-F-5,5769,2009,1,31,injection,697.4999799999999,,,,253655.42580070833,697.49998,,,,253655.425800708,both
15/9-F-5,5769,2009,2,28,injection,635.74999,,,,226102.01316,635.74999,,,,226102.01316,both
15/9-F-5,5769,2009,3,31,injection,224.58334000000002,,,,81674.34999999999,224.58334,,,,81674.35,both
15/9-F-5,5769,2009,4,30,injection,531.55,,,,104818.54778,531.55,,,,104818.54778,both
15/9-F-5,5769,2009,5,31,injection,706.99999,,,,232334.51444823862,706.99999,,,,232334.514448239,both
15/9-F-5,5769,2009,6,30,injection,690.73332,,,,133204.20527125002,690.73332,,,,133204.20527125,both
15/9-F-5,5769,2009,7,31,injection,734.8333299999999,,,,205447.018688125,734.83333,,,,205447.018688125,both
15/9-F-5,5769,2009,8,31,injection,703.8249900000001,,,,198473.65997875,703.82499,,,,198473.65997875,both
15/9-F-5,5769,2009,9,30,injection,509.16667,,,,171773.20486270834,509.16667,,,,171773.204862708,both
15/9-F-5,5769,2009,10,31,injection,682.2516800000001,,,,200847.23049409344,682.25168,,,,200847.230494093,both
15/9-F-5,5769,2009,11,30,injection,705.5833299999999,,,,208933.8678811309,705.58333,,,,208933.867881131,both
15/9-F-5,5769,2009,12,31,injection,738.16666,,,,225455.33740633022,738.16666,,,,225455.33740633,both
15/9-F-5,5769,2010,1,31,injection,735.66667,,,,251554.76787308877,735.66667,,,,251554.767873089,both
15/9-F-5,5769,2010,2,28,injection,595.41668,,,,199239.17951309754,595.41668,,,,199239.179513098,both
15/9-F-5,5769,2010,3,31,injection,571.00834,,,,159955.2920466948,571.00834,,,,159955.292046695,both
15/9-F-5,5769,2010,4,30,injection,449.39167999999995,,,,143182.2273758289,449.39168,,,,143182.227375829,both
15/9-F-5,5769,2010,5,31,injection,744.0,,,,252211.7376283334,744.0,,,,252211.737628333,both
15/9-F-5,5769,2010,6,30,injection,716.6666700000001,,,,217995.58273249998,716.66667,,,,217995.5827325,both
15/9-F-5,5769,2010,7,31,injection,743.1666700000001,,,,213816.93954770832,743.16667,,,,213816.939547708,both
15/9-F-5,5769,2010,8,31,injection,447.14166000000006,,,,120306.47775573765,447.14166,,,,120306.477755738,both
15/9-F-5,5769,2010,9,30,injection,695.41667,,,,163185.2602433154,695.41667,,,,163185.260243315,both
15/9-F-5,5769,2010,10,31,injection,717.58332,,,,200667.24969863024,717.58332,,,,200667.24969863,both
15/9-F-5,5769,2010,11,30,injection,703.9166700000001,,,,188435.81656796197,703.91667,,,,188435.816567962,both
15/9-F-5,5769,2010,12,31,injection,732.66667,,,,193372.73180145834,732.66667,,,,193372.731801458,both
15/9-F-5,5769,2011,1,31,injection,744.0,,,,189041.11951854164,744.0,,,,189041.119518542,both
15/9-F-5,5769,2011,2,28,injection,532.74998,,,,139466.55643039258,532.74998,,,,139466.556430393,both
15/9-F-5,5769,2011,3,31,injection,728.0000100000001,,,,184592.18769070925,728.00001,,,,184592.187690709,both
15/9-F-5,5769,2011,4,30,injection,700.83334,,,,188899.23261028365,700.83334,,,,188899.232610284,both
15/9-F-5,5769,2011,5,31,injection,736.50001,,,,191438.0835422024,736.50001,,,,191438.083542202,both
15/9-F-5,5769,2011,6,30,injection,461.67501,,,,115810.71232001689,461.67501,,,,115810.712320017,both
15/9-F-5,5769,2011,7,31,injection,242.50835,,,,60234.67072875,242.50835,,,,60234.67072875,both
15/9-F-5,5769,2011,8,31,injection,644.49168,,,,161568.57176961264,644.49168,,,,161568.571769613,both
15/9-F-5,5769,2011,9,30,injection,688.5000000000001,,,,185636.23752596907,688.5,,,,185636.237525969,both
15/9-F-5,5769,2011,10,31,injection,328.63333,,,,86121.09825208333,328.63333,,,,86121.0982520833,both
15/9-F-5,5769,2011,11,30,injection,475.41666,,,,111726.55858104167,475.41666,,,,111726.558581042,both
15/9-F-5,5769,2011,12,31,injection,438.8,,,,106760.27239479167,438.8,,,,106760.272394792,both
15/9-F-5,5769,2012,1,31,injection,423.99999,,,,96145.24973395834,423.99999,,,,96145.2497339583,both
15/9-F-5,5769,2012,2,29,injection,690.91666,,,,144177.13334875,690.91666,,,,144177.13334875,both
15/9-F-5,5769,2012,3,31,injection,737.2083399999999,,,,144901.31179381345,737.20834,,,,144901.311793813,both
15/9-F-5,5769,2012,4,30,injection,720.0,,,,152913.710860625,720.0,,,,152913.710860625,both
15/9-F-5,5769,2012,5,31,injection,732.33334,,,,157759.4475929167,732.33334,,,,157759.447592917,both
15/9-F-5,5769,2012,6,30,injection,710.6666700000001,,,,147174.91634791665,710.66667,,,,147174.916347917,both
15/9-F-5,5769,2012,7,31,injection,740.3333299999999,,,,155141.689089375,740.33333,,,,155141.689089375,both
15/9-F-5,5769,2012,8,31,injection,309.12499,,,,65973.97081895833,309.12499,,,,65973.9708189583,both
15/9-F-5,5769,2012,9,30,injection,37.283339999999995,,,,8067.451343125,37.28334,,,,8067.451343125,both
15/9-F-5,5769,2012,10,31,injection,538.16666,,,,118485.32129791666,538.16666,,,,118485.321297917,both
15/9-F-5,5769,2012,11,30,injection,720.0,,,,168629.70252166668,720.0,,,,168629.702521667,both
15/9-F-5,5769,2012,12,31,injection,697.8333500000001,,,,154926.22132708333,697.83335,,,,154926.221327083,both
15/9-F-5,5769,2013,1,31,injection,732.25,,,,159939.686388875,732.25,,,,159939.686388875,both
15/9-F-5,5769,2013,2,28,injection,672.0,,,,147798.46481812498,672.0,,,,147798.464818125,both
15/9-F-5,5769,2013,3,31,injection,400.46668,,,,85998.06514895834,400.46668,,,,85998.0651489583,both
15/9-F-5,5769,2013,4,30,injection,561.16832,,,,121656.595674375,561.16832,,,,121656.595674375,both
15/9-F-5,5769,2013,5,31,injection,681.3,,,,170935.465968125,681.3,,,,170935.465968125,both
15/9-F-5,5769,2013,6,30,injection,573.24999,,,,138629.205471875,573.24999,,,,138629.205471875,both
15/9-F-5,5769,2013,7,31,injection,654.2916699999998,,,,131248.92144416666,654.29167,,,,131248.921444167,both
15/9-F-5,5769,2013,8,31,injection,687.05,,,,185791.65160104164,687.05,,,,185791.651601042,both
15/9-F-5,5769,2013,9,30,injection,608.925,,,,141322.97444104168,608.925,,,,141322.974441042,both
15/9-F-5,5769,2013,10,31,injection,654.4166799999999,,,,167622.05163270835,654.41668,,,,167622.051632708,both
15/9-F-5,5769,2013,11,30,injection,681.6666700000001,,,,167983.46090354165,681.66667,,,,167983.460903542,both
15/9-F-5,5769,2013,12,31,injection,676.2500000000001,,,,169674.00544562496,676.25,,,,169674.005445625,both
15/9-F-5,5769,2014,1,31,injection,661.1666700000001,,,,139161.964208125,661.16667,,,,139161.964208125,both
15/9-F-5,5769,2014,2,28,injection,580.60833,,,,139875.10921729167,580.60833,,,,139875.109217292,both
15/9-F-5,5769,2014,3,31,injection,691.4166700000001,,,,168354.40034482788,691.41667,,,,168354.400344828,both
15/9-F-5,5769,2014,4,30,injection,707.5416700000001,,,,170365.9451083333,707.54167,,,,170365.945108333,both
15/9-F-5,5769,2014,5,31,injection,606.33334,,,,155443.5300977083,606.33334,,,,155443.530097708,both
15/9-F-5,5769,2014,6,30,injection,699.08333,,,,170548.08144937502,699.08333,,,,170548.081449375,both
15/9-F-5,5769,2014,7,31,injection,742.33334,,,,149633.53732729168,742.33334,,,,149633.537327292,both
15/9-F-5,5769,2014,8,31,injection,606.37964,,,,122109.851845,606.37964,,,,122109.851845,both
15/9-F-5,5769,2014,9,30,injection,691.49999,,,,160662.46833416665,691.49999,,,,160662.468334167,both
15/9-F-5,5769,2014,10,31,injection,741.83334,,,,166833.31391160836,741.83334,,,,166833.313911608,both
15/9-F-5,5769,2014,11,30,injection,660.55833,,,,146406.90984041666,660.55833,,,,146406.909840417,both
15/9-F-5,5769,2014,12,31,injection,394.32499999999993,,,,95714.36677916667,394.325,,,,95714.3667791667,both
15/9-F-5,5769,2015,1,31,injection,702.6333400000001,,,,116851.66232979167,702.63334,,,,116851.662329792,both
15/9-F-5,5769,2015,2,28,injection,583.88333,,,,122957.75482979167,583.88333,,,,122957.754829792,both
15/9-F-5,5769,2015,3,31,injection,744.0,,,,127803.68713271737,744.0,,,,127803.687132717,both
15/9-F-5,5769,2015,4,30,injection,707.6666700000001,,,,146997.13833604165,707.66667,,,,146997.138336042,both
15/9-F-5,5769,2015,5,31,injection,744.0,,,,135253.88426375,744.0,,,,135253.88426375,both
15/9-F-5,5769,2015,6,30,injection,717.45,,,,146025.80091291666,717.45,,,,146025.800912917,both
15/9-F-5,5769,2015,7,31,injection,739.675,,,,117659.77035020833,739.675,,,,117659.770350208,both
15/9-F-5,5769,2015,8,31,injection,606.1997200000001,,,,113141.00622416667,606.19972,,,,113141.006224167,both
15/9-F-5,5769,2015,9,30,injection,711.7337600000001,,,,128260.87112729167,711.73376,,,,128260.871127292,both
15/9-F-5,5769,2015,10,31,injection,724.40764,,,,134374.87116976667,724.40764,,,,134374.871169767,both
15/9-F-5,5769,2015,11,30,injection,642.93334,,,,134602.9409035417,642.93334,,,,134602.940903542,both
15/9-F-5,5769,2015,12,31,injection,739.24999,,,,145383.33062729164,739.24999,,,,145383.330627292,both
15/9-F-5,5769,2016,1,31,injection,721.41666,,,,148394.55609979166,721.41666,,,,148394.556099792,both
15/9-F-5,5769,2016,2,29,injection,691.2500200000001,,,,164188.597139375,691.25002,,,,164188.597139375,both
15/9-F-5,5769,2016,3,31,injection,743.0,,,,139810.591270625,743.0,,,,139810.591270625,both
15/9-F-5,5769,2016,4,30,"injection, production",345.41668000000004,3400.6099999999997,538638.5599999999,2380.7799999999997,20226.958789999997,345.41668,3400.61,538638.56,2380.78,20226.95879,both
15/9-F-5,5769,2016,5,31,production,732.0,9724.4,1534677.1600000001,3949.9,0.0,732.0,9724.4,1534677.16,3949.9,0.0,both
15/9-F-5,5769,2016,6,30,production,718.4166700000001,9121.48,1468557.12,2376.9300000000003,,718.41667,9121.48,1468557.12,2376.93,,both
15/9-F-5,5769,2016,7,31,production,668.64168,9985.29,1602674.3899999997,2453.71,0.0,668.64168,9985.29,1602674.39,2453.71,0.0,both
15/9-F-5,5769,2016,8,31,production,608.425,8928.9,1417278.51,2371.8599999999997,0.0,608.425,8928.9,1417278.51,2371.86,0.0,both
15/9-F-5,5769,2016,9,18,"injection, production",0.0,0.0,0.0,0.0,0.0,0.0,0.0,0.0,0.0,0.0,both
