NPD_WELL_BORE_NAME,YEAR_MONTH,oil_volume,water_volume,DATE,total_liquid_volume,water_cut_pct
15/9-F-1 C,2014-04,11142.47,0.0,2014-04-01,11142.47,0.0
15/9-F-1 C,2014-05,24901.95,783.48,2014-05-01,25685.43,3.0502895999794437
15/9-F-1 C,2014-06,19617.76,2068.48,2014-06-01,21686.239999999998,9.538214093360583
15/9-F-1 C,2014-07,15085.68,6243.98,2014-07-01,21329.66,29.273696814670274
15/9-F-1 C,2014-08,6970.43,4529.75,2014-08-01,11500.18,39.38851391891257
15/9-F-1 C,2014-09,9168.43,8317.59,2014-09-01,17486.02,47.56708501991877
15/9-F-1 C,2014-10,9468.06,10364.869999999999,2014-10-01,19832.93,52.26091152441923
15/9-F-1 C,2014-11,6710.33,7234.24,2014-11-01,13944.57,51.87854483860026
15/9-F-1 C,2014-12,120.29,183.44,2014-12-01,303.73,60.395746221973454
15/9-F-1 C,2015-01,10875.53,6850.8,2015-01-01,17726.33,38.64759372075325
15/9-F-1 C,2015-02,9586.64,10744.99,2015-02-01,20331.629999999997,52.84864027134078
15/9-F-1 C,2015-03,5879.22,11607.44,2015-03-01,17486.66,66.37882820389943
15/9-F-1 C,2015-04,3924.1800000000003,9815.16,2015-04-01,13739.34,71.43836603504971
15/9-F-1 C,2015-05,3832.69,6167.47,2015-05-01,10000.16,61.673713220588475
15/9-F-1 C,2015-06,6344.5,14548.69,2015-06-01,20893.190000000002,69.63364617849165
15/9-F-1 C,2015-07,2093.95,8454.26,2015-07-01,10548.21,80.14876457711783
15/9-F-1 C,2015-08,2871.02,5334.03,2015-08-01,8205.05,65.009110243082
15/9-F-1 C,2015-09,6460.27,14767.12,2015-09-01,21227.39,69.56634800604314
15/9-F-1 C,2015-10,4085.8,13538.71,2015-10-01,17624.51,76.81751152230616
15/9-F-1 C,2015-11,3332.05,11682.31,2015-11-01,15014.36,77.80757887782096
15/9-F-1 C,2015-12,2949.42,6231.55,2015-12-01,9180.970000000001,67.87463634016885
15/9-F-1 C,2016-01,2981.44,14036.28,2016-01-01,17017.72,82.48037927524956
15/9-F-1 C,2016-02,4718.03,15945.73,2016-02-01,20663.76,77.16761131565602
15/9-F-1 C,2016-03,2917.5,13410.89,2016-03-01,16328.39,82.13234740228522
15/9-F-1 C,2016-04,1671.69,4441.13,2016-04-01,6112.82,72.65272002120135
15/9-F-11,2013-07,3923.08,0.0,2013-07-01,3923.08,0.0
15/9-F-11,2013-08,25496.07,520.01,2013-08-01,26016.079999999998,1.9988022792057838
15/9-F-11,2013-09,23775.08,1573.61,2013-09-01,25348.690000000002,6.207855317178125
15/9-F-11,2013-10,34114.5,1926.53,2013-10-01,36041.03,5.34537997387977
15/9-F-11,2013-11,35386.35,3791.2200000000003,2013-11-01,39177.57,9.67701672155777
15/9-F-11,2013-12,33405.75,4963.26,2013-12-01,38369.01,12.935595679951085
15/9-F-11,2014-01,34552.37,4343.49,2014-01-01,38895.86,11.166972526124889
15/9-F-11,2014-02,28189.97,2841.37,2014-02-01,31031.34,9.156452799009001
15/9-F-11,2014-03,33290.79,3692.22,2014-03-01,36983.01,9.98355731456147
15/9-F-11,2014-04,35428.73,4124.45,2014-04-01,39553.18,10.427606579294004
15/9-F-11,2014-05,34831.88,5017.47,2014-05-01,39849.35,12.59109621612398
15/9-F-11,2014-06,33898.64,6083.59,2014-06-01,39982.229999999996,15.215734590091651
15/9-F-11,2014-07,33760.33,6800.85,2014-07-01,40561.18,16.766893862555282
15/9-F-11,2014-08,26037.54,6076.52,2014-08-01,32114.06,18.921681033167403
15/9-F-11,2014-09,33221.64,8349.05,2014-09-01,41570.69,20.08398224806949
15/9-F-11,2014-10,33851.72,10287.9,2014-10-01,44139.62,23.30763155641122
15/9-F-11,2014-11,26611.5,9403.58,2014-11-01,36015.08,26.11011831710495
15/9-F-11,2014-12,8547.92,3079.0499999999997,2014-12-01,11626.97,26.4819639166524
15/9-F-11,2015-01,29561.8,13860.6,2015-01-01,43422.4,31.92039131876635
15/9-F-11,2015-02,25347.22,14061.01,2015-02-01,39408.23,35.68038960389745
15/9-F-11,2015-03,44316.19,19387.3,2015-03-01,63703.490000000005,30.433654419875577
15/9-F-11,2015-04,54555.76,23839.72,2015-04-01,78395.48000000001,30.409559326634643
15/9-F-11,2015-05,55029.22,24425.53,2015-05-01,79454.75,30.741434590128343
15/9-F-11,2015-06,48231.1,22891.62,2015-06-01,71122.72,32.18608624642027
15/9-F-11,2015-07,43784.66,36195.93,2015-07-01,79980.59,45.255892710969
15/9-F-11,2015-08,31498.15,31870.44,2015-08-01,63368.59,50.29374963211269
15/9-F-11,2015-09,31424.59,37411.85,2015-09-01,68836.44,54.34890299382129
15/9-F-11,2015-10,29724.78,38022.56,2015-10-01,67747.34,56.1240633211577
15/9-F-11,2015-11,36410.23,57058.61,2015-11-01,93468.84,61.04559551610998
15/9-F-11,2015-12,35933.9,62976.28,2015-12-01,98910.18,63.67017024941215
15/9-F-11,2016-01,31603.26,67980.66,2016-01-01,99583.92,68.26469574606021
15/9-F-11,2016-02,25954.57,66610.49,2016-02-01,92565.06,71.96072686605508
15/9-F-11,2016-03,25023.66,76636.95999999999,2016-03-01,101660.62,75.38509995315786
15/9-F-11,2016-04,13429.0,57931.66,2016-04-01,71360.66,81.18150813067032
15/9-F-11,2016-05,15528.75,73445.23,2016-05-01,88973.98,82.54686370105058
15/9-F-11,2016-06,14590.61,71699.35,2016-06-01,86289.96,83.09118465230486
15/9-F-11,2016-07,14384.88,77084.72,2016-07-01,91469.6,84.27359472436744
15/9-F-11,2016-08,14583.73,87762.19,2016-08-01,102345.92,85.75055068145365
15/9-F-11,2016-09,8609.18,46779.39,2016-09-01,55388.57,84.45675705294433
15/9-F-12,2008-02,49091.06,412.61,2008-02-01,49503.67,0.8334937591495741
15/9-F-12,2008-03,83361.26,27.42,2008-03-01,83388.68,0.0328821609839609
15/9-F-12,2008-04,74532.45,482.05,2008-04-01,75014.5,0.6426090955748556
15/9-F-12,2008-05,125478.56,16280.12,2008-05-01,141758.68,11.484390232753297
15/9-F-12,2008-06,143786.85,474.37,2008-06-01,144261.22,0.32882710960020994
15/9-F-12,2008-07,114994.61,290.02,2008-07-01,115284.63,0.25156866097414715
15/9-F-12,2008-08,97822.46,354.18,2008-08-01,98176.64,0.36075791552858194
15/9-F-12,2008-09,77666.95,188.39,2008-09-01,77855.34,0.24197441049001905
15/9-F-12,2008-10,94357.23,624.05,2008-10-01,94981.28,0.6570242051907491
15/9-F-12,2008-11,145915.56,2390.31,2008-11-01,148305.87,1.6117433517634874
15/9-F-12,2008-12,166439.67,1003.31,2008-12-01,167442.98,0.5991950214932867
15/9-F-12,2009-01,153677.16,389.76,2009-01-01,154066.92,0.25298097735711206
15/9-F-12,2009-02,121905.01,0.0,2009-02-01,121905.01,0.0
15/9-F-12,2009-03,92958.71,0.0,2009-03-01,92958.71,0.0
15/9-F-12,2009-04,150955.68,1246.29,2009-04-01,152201.97,0.8188395984624903
15/9-F-12,2009-05,141039.01,3106.49,2009-05-01,144145.5,2.1551071660232193
15/9-F-12,2009-06,132429.71,2658.63,2009-06-01,135088.34,1.968067710359014
15/9-F-12,2009-07,106105.25,3289.44,2009-07-01,109394.69,3.006946680867234
15/9-F-12,2009-08,112414.27,5024.01,2009-08-01,117438.28,4.278000324936639
15/9-F-12,2009-09,90098.89,2235.08,2009-09-01,92333.97,2.4206475688200126
15/9-F-12,2009-10,126939.65,6812.79,2009-10-01,133752.44,5.09358184418916
15/9-F-12,2009-11,136015.68,11286.87,2009-11-01,147302.55,7.662372443654235
15/9-F-12,2009-12,158001.52,17321.2,2009-12-01,175322.72,9.879609442518346
15/9-F-12,2010-01,149658.83,30230.27,2010-01-01,179889.09999999998,16.8049481597273
15/9-F-12,2010-02,103026.0,43215.66,2010-02-01,146241.66,29.550854387183517
15/9-F-12,2010-03,101571.61,53998.5,2010-03-01,155570.11,34.71007380530875
15/9-F-12,2010-04,86253.61,67996.09,2010-04-01,154249.7,44.08182965671894
15/9-F-12,2010-05,77113.56,74438.31,2010-05-01,151551.87,49.117381395557835
15/9-F-12,2010-06,69617.37,83268.36,2010-06-01,152885.72999999998,54.46444216867069
15/9-F-12,2010-07,64039.69,95054.15,2010-07-01,159093.84,59.74722214260464
15/9-F-12,2010-08,30117.36,54787.65,2010-08-01,84905.01000000001,64.52817095245615
15/9-F-12,2010-09,51312.93,89428.8,2010-09-01,140741.73,63.541069162642806
15/9-F-12,2010-10,51430.58,99542.87,2010-10-01,150973.45,65.93402349883372
15/9-F-12,2010-11,44468.45,102235.65,2010-11-01,146704.09999999998,69.6883386353892
15/9-F-12,2010-12,45217.96,111335.89,2010-12-01,156553.85,71.11667327248739
15/9-F-12,2011-01,44746.55,116885.54,2011-01-01,161632.09,72.31580065567425
15/9-F-12,2011-02,29157.49,85274.18,2011-02-01,114431.67,74.5197374118546
15/9-F-12,2011-03,37395.05,113239.35,2011-03-01,150634.40000000002,75.17496003568905
15/9-F-12,2011-04,37819.72,116196.38,2011-04-01,154016.1,75.44430744578003
15/9-F-12,2011-05,37204.71,119567.47,2011-05-01,156772.18,76.26829581626026
15/9-F-12,2011-06,22026.06,74563.44,2011-06-01,96589.5,77.19621698010654
15/9-F-12,2011-07,12462.42,31887.510000000002,2011-07-01,44349.93,71.8997978125332
15/9-F-12,2011-08,36380.15,99004.87,2011-08-01,135385.02,73.1283786049594
15/9-F-12,2011-09,29999.17,110471.84,2011-09-01,140471.01,78.64387107346917
15/9-F-12,2011-10,12647.5,52875.8,2011-10-01,65523.3,80.69770600687085
15/9-F-12,2011-11,21789.05,75772.93,2011-11-01,97561.98,77.66645367385942
15/9-F-12,2011-12,18090.2,64676.69,2011-12-01,82766.89,78.14319228377434
15/9-F-12,2012-01,18217.85,63857.71,2012-01-01,82075.56,77.80356296076445
15/9-F-12,2012-02,27362.26,133954.93,2012-02-01,161317.19,83.03822425867942
15/9-F-12,2012-03,26679.88,142184.01,2012-03-01,168863.89,84.20036397361211
15/9-F-12,2012-04,24088.35,138112.43,2012-04-01,162200.78,85.14905415374697
15/9-F-12,2012-05,22415.15,140203.43,2012-05-01,162618.58,86.21611995382078
15/9-F-12,2012-06,20887.38,134081.24,2012-06-01,154968.62,86.5215422322274
15/9-F-12,2012-07,21206.94,140164.53,2012-07-01,161371.47,86.85830896874151
15/9-F-12,2012-08,8998.24,54786.62,2012-08-01,63784.86,85.89282785915027
15/9-F-12,2012-09,1013.9300000000001,4513.08,2012-09-01,5527.01,81.65499971955903
15/9-F-12,2012-10,19612.85,121317.43,2012-10-01,140930.28,86.08329593895648
15/9-F-12,2012-11,19018.88,134909.36,2012-11-01,153928.24,87.64432049635596
15/9-F-12,2012-12,16320.65,131667.43,2012-12-01,147988.08,88.97164555415544
15/9-F-12,2013-01,17408.57,139783.93,2013-01-01,157192.5,88.92531768373173
15/9-F-12,2013-02,15087.380000000001,126325.44,2013-02-01,141412.82,89.3309673055102
15/9-F-12,2013-03,6305.81,57120.76,2013-03-01,63426.57,90.05809395021677
15/9-F-12,2013-04,12351.34,102945.43,2013-04-01,115296.76999999999,89.28734950684222
15/9-F-12,2013-05,16313.4,147164.69,2013-05-01,163478.09,90.02104808051037
15/9-F-12,2013-06,11899.57,112559.07,2013-06-01,124458.64000000001,90.4389361799229
15/9-F-12,2013-07,11861.63,112172.58,2013-07-01,124034.21,90.43680771619378
15/9-F-12,2013-08,15147.18,152994.91,2013-08-01,168142.09,90.99144063214631
15/9-F-12,2013-09,9223.53,104678.41,2013-09-01,113901.94,91.90221869794316
15/9-F-12,2013-10,8305.01,137534.62,2013-10-01,145839.63,94.30538187734018
15/9-F-12,2013-11,7170.56,122993.19,2013-11-01,130163.75,94.49112368074829
15/9-F-12,2013-12,7079.5199999999995,125859.26,2013-12-01,132938.78,94.67460134657472
15/9-F-12,2014-01,4997.24,87030.26,2014-01-01,92027.5,94.56984053679605
15/9-F-12,2014-02,6101.4,110297.86,2014-02-01,116399.26,94.75821409861197
15/9-F-12,2014-03,6835.66,127351.18,2014-03-01,134186.84,94.90586409218669
15/9-F-12,2014-04,5892.01,141144.82,2014-04-01,147036.83000000002,95.99283390426739
15/9-F-12,2014-05,3237.7,88748.26,2014-05-01,91985.95999999999,96.48022372109831
15/9-F-12,2014-06,5751.2,152034.68,2014-06-01,157785.88,96.35506041478489
15/9-F-12,2014-07,5791.84,152314.38,2014-07-01,158106.22,96.33674121106685
15/9-F-12,2014-08,4448.49,126629.09,2014-08-01,131077.58,96.60621595241537
15/9-F-12,2014-09,5062.59,149375.78,2014-09-01,154438.37,96.72193509941862
15/9-F-12,2014-10,5385.61,155365.68,2014-10-01,160751.28999999998,96.64972517483376
15/9-F-12,2014-11,4495.0599999999995,114660.7,2014-11-01,119155.76,96.22757640923108
15/9-F-12,2014-12,0.0,0.0,2014-12-01,0.0,
15/9-F-12,2015-01,25712.55,11588.22,2015-01-01,37300.77,31.06697261209353
15/9-F-12,2015-02,19578.55,15115.5,2015-02-01,34694.05,43.56798932381777
15/9-F-12,2015-03,19341.43,19255.66,2015-03-01,38597.09,49.88889058734739
15/9-F-12,2015-04,19796.56,20808.06,2015-04-01,40604.62,51.24554792040905
15/9-F-12,2015-05,16996.48,25200.83,2015-05-01,42197.31,59.72141352138324
15/9-F-12,2015-06,19536.3,32902.68,2015-06-01,52438.979999999996,62.74469869551239
15/9-F-12,2015-07,19157.45,36480.53,2015-07-01,55637.979999999996,65.56767517440424
15/9-F-12,2015-08,13473.27,31629.02,2015-08-01,45102.29,70.12730395729352
15/9-F-12,2015-09,12494.51,35065.36,2015-09-01,47559.87,73.72888109239996
15/9-F-12,2015-10,11888.63,38151.12,2015-10-01,50039.75,76.24162790581488
15/9-F-12,2015-11,11369.48,37662.5,2015-11-01,49031.979999999996,76.81211323711587
15/9-F-12,2015-12,10855.97,37288.0,2015-12-01,48143.97,77.45102865426345
15/9-F-12,2016-01,9494.98,38969.86,2016-01-01,48464.84,80.40851883551045
15/9-F-12,2016-02,7644.12,35253.46,2016-02-01,42897.58,82.18053326085061
15/9-F-12,2016-03,7359.93,40507.21,2016-03-01,47867.14,84.62425371559696
15/9-F-12,2016-04,6152.17,37126.04,2016-04-01,43278.21,85.784601535045
15/9-F-12,2016-05,5865.13,36147.78,2016-05-01,42012.909999999996,86.03969589347655
15/9-F-12,2016-06,5408.31,34608.45,2016-06-01,40016.759999999995,86.48488783199839
15/9-F-12,2016-07,4533.82,29940.18,2016-07-01,34474.0,86.84858153971109
15/9-F-12,2016-08,1442.03,10937.14,2016-08-01,12379.17,88.35115763011575
15/9-F-12,2016-09,0.0,0.0,2016-09-01,0.0,
15/9-F-14,2008-02,0.0,0.0,2008-02-01,0.0,
15/9-F-14,2008-03,0.0,0.0,2008-03-01,0.0,
15/9-F-14,2008-04,0.0,0.0,2008-04-01,0.0,
15/9-F-14,2008-05,0.0,0.0,2008-05-01,0.0,
15/9-F-14,2008-06,0.0,0.0,2008-06-01,0.0,
15/9-F-14,2008-07,51285.08,126.17,2008-07-01,51411.25,0.2454132120887938
15/9-F-14,2008-08,67621.2,222.53,2008-08-01,67843.73,0.3280037816316998
15/9-F-14,2008-09,114596.26,275.73,2008-09-01,114871.98999999999,0.2400324047663839
15/9-F-14,2008-10,142817.06,101.25,2008-10-01,142918.31,0.07084466643917074
15/9-F-14,2008-11,104409.61,189.89,2008-11-01,104599.5,0.18154006472306272
15/9-F-14,2008-12,110199.28,66.54,2008-12-01,110265.81999999999,0.060345082456195416
15/9-F-14,2009-01,115572.66,977.79,2009-01-01,116550.45,0.8389414197885979
15/9-F-14,2009-02,113880.98,2529.24,2009-02-01,116410.22,2.172695833750679
15/9-F-14,2009-03,90644.44,1678.17,2009-03-01,92322.61,1.8177237406958056
15/9-F-14,2009-04,86944.06,246.47,2009-04-01,87190.53,0.2826797818524558
15/9-F-14,2009-05,116175.04,3440.05,2009-05-01,119615.09,2.8759331285041045
15/9-F-14,2009-06,86654.03,5731.18,2009-06-01,92385.20999999999,6.203568731401921
15/9-F-14,2009-07,64871.82,6772.73,2009-07-01,71644.55,9.453238243523058
15/9-F-14,2009-08,112493.5,20793.78,2009-08-01,133287.28,15.600723489893408
15/9-F-14,2009-09,90349.8,15274.84,2009-09-01,105624.64,14.461436270930722
15/9-F-14,2009-10,96707.32,26099.06,2009-10-01,122806.38,21.25220204357461
15/9-F-14,2009-11,98043.5,39016.45,2009-11-01,137059.95,28.466703803700494
15/9-F-14,2009-12,89514.35,56173.42,2009-12-01,145687.77000000002,38.55740258773952
15/9-F-14,2010-01,82221.25,70004.16,2010-01-01,152225.41,45.98717126135512
15/9-F-14,2010-02,62092.98,62000.25,2010-02-01,124093.23000000001,49.96263696254823
15/9-F-14,2010-03,66989.25,64560.85,2010-03-01,131550.1,49.07700564271711
15/9-F-14,2010-04,73035.81,69865.31,2010-04-01,142901.12,48.890666497225496
15/9-F-14,2010-05,87809.28,85315.44,2010-05-01,173124.72,49.27975623585124
15/9-F-14,2010-06,75309.81999999999,96580.92,2010-06-01,171890.74,56.18738973373435
15/9-F-14,2010-07,69600.25,101216.35,2010-07-01,170816.6,59.25439916261066
15/9-F-14,2010-08,38413.73,56452.9,2010-08-01,94866.63,59.50764773661719
15/9-F-14,2010-09,55405.21,66506.82,2010-09-01,121912.03,54.553123264373504
15/9-F-14,2010-10,78755.31,100949.14,2010-10-01,179704.45,56.17509193567549
15/9-F-14,2010-11,62555.48,96969.98,2010-11-01,159525.46,60.786522728096195
15/9-F-14,2010-12,63886.23,111640.46,2010-12-01,175526.69,63.603124972048406
15/9-F-14,2011-01,61328.45,111168.02,2011-01-01,172496.47,64.4465478047174
15/9-F-14,2011-02,44066.31,79492.13,2011-02-01,123558.44,64.33565363887728
15/9-F-14,2011-03,56709.96,117498.23,2011-03-01,174208.19,67.44701842089054
15/9-F-14,2011-04,51814.24,122053.6,2011-04-01,173867.84,70.19906614127144
15/9-F-14,2011-05,51121.62,129331.86,2011-05-01,180453.48,71.67047152540367
15/9-F-14,2011-06,31194.510000000002,81258.77,2011-06-01,112453.28,72.2600265639206
15/9-F-14,2011-07,20211.31,42012.13,2011-07-01,62223.44,67.51817321575277
15/9-F-14,2011-08,49730.28,108934.77,2011-08-01,158665.05,68.65706719910908
15/9-F-14,2011-09,51053.13,133957.61,2011-09-01,185010.74,72.40531549681927
15/9-F-14,2011-10,21807.23,56487.87,2011-10-01,78295.1,72.14738853389292
15/9-F-14,2011-11,35043.89,73586.39,2011-11-01,108630.28,67.74021939370864
15/9-F-14,2011-12,34166.4,74442.9,2011-12-01,108609.29999999999,68.54192044327696
15/9-F-14,2012-01,27309.23,57518.38,2012-01-01,84827.61,67.80620130639069
15/9-F-14,2012-02,36797.659999999996,55275.84,2012-02-01,92073.5,60.03447245950247
15/9-F-14,2012-03,34745.590000000004,60225.91,2012-03-01,94971.5,63.414719152587885
15/9-F-14,2012-04,36509.79,72811.24,2012-04-01,109321.03,66.60314122543485
15/9-F-14,2012-05,35051.96,82877.31,2012-05-01,117929.26999999999,70.27713306459033
15/9-F-14,2012-06,31665.55,80184.2,2012-06-01,111849.75,71.68920806707212
15/9-F-14,2012-07,32960.7,83969.56,2012-07-01,116930.26,71.81165936003221
15/9-F-14,2012-08,12689.84,33257.32,2012-08-01,45947.16,72.38166624444253
15/9-F-14,2012-09,1655.0800000000002,2918.1899999999996,2012-09-01,4573.2699999999995,63.80970290404896
15/9-F-14,2012-10,33944.02,60061.38,2012-10-01,94005.4,63.89141474851445
15/9-F-14,2012-11,34931.66,87226.64,2012-11-01,122158.3,71.40459551254396
15/9-F-14,2012-12,30122.89,93523.46,2012-12-01,123646.35,75.63786557387259
15/9-F-14,2013-01,30184.8,99784.43,2013-01-01,129969.23,76.7754259989076
15/9-F-14,2013-02,26595.53,92120.59,2013-02-01,118716.12,77.5973726230271
15/9-F-14,2013-03,18816.52,70618.72,2013-03-01,89435.24,78.96073180996662
15/9-F-14,2013-04,22875.420000000002,79450.26,2013-04-01,102325.68,77.6444974516661
15/9-F-14,2013-05,27661.53,109553.2,2013-05-01,137214.72999999998,79.84069931850611
15/9-F-14,2013-06,22298.26,93413.24,2013-06-01,115711.5,80.7294348444191
15/9-F-14,2013-07,22602.78,94589.45,2013-07-01,117192.23,80.7130728718107
15/9-F-14,2013-08,21666.9,91453.17,2013-08-01,113120.07,80.84610449763689
15/9-F-14,2013-09,17870.72,92677.05,2013-09-01,110547.77,83.83439123195339
15/9-F-14,2013-10,18441.11,96753.57,2013-10-01,115194.68000000001,83.99135272566407
15/9-F-14,2013-11,19248.66,103737.87,2013-11-01,122986.53,84.34896894806285
15/9-F-14,2013-12,15495.97,97307.32,2013-12-01,112803.29000000001,86.2628386104696
15/9-F-14,2014-01,16686.58,106725.74,2014-01-01,123412.32,86.4789998275699
15/9-F-14,2014-02,14766.13,96430.28,2014-02-01,111196.41,86.72067740316436
15/9-F-14,2014-03,14954.84,101501.18,2014-03-01,116456.01999999999,87.15837961833145
15/9-F-14,2014-04,16572.24,104862.29,2014-04-01,121434.53,86.35294261031025
15/9-F-14,2014-05,13637.02,98851.21,2014-05-01,112488.23000000001,87.87693610255934
15/9-F-14,2014-06,13257.99,103420.97,2014-06-01,116678.96,88.637205885277
15/9-F-14,2014-07,13495.98,99765.12,2014-07-01,113261.09999999999,88.08418777497306
15/9-F-14,2014-08,8443.73,82815.84,2014-08-01,91259.56999999999,90.74756762496251
15/9-F-14,2014-09,9622.21,97941.37,2014-09-01,107563.57999999999,91.05439778036396
15/9-F-14,2014-10,10076.22,104963.4,2014-10-01,115039.62,91.24108720108777
15/9-F-14,2014-11,10386.41,103384.87,2014-11-01,113771.28,90.87079797291548
15/9-F-14,2014-12,9665.11,100254.94,2014-12-01,109920.05,91.20714555715722
15/9-F-14,2015-01,9120.98,95024.85,2015-01-01,104145.83,91.24210734121569
15/9-F-14,2015-02,7178.8,91844.46,2015-02-01,99023.26000000001,92.75039016085715
15/9-F-14,2015-03,8069.04,107454.33,2015-03-01,115523.37,93.01523146355582
15/9-F-14,2015-04,7687.2,101303.06,2015-04-01,108990.26,92.94689268563998
15/9-F-14,2015-05,7147.79,102927.47,2015-05-01,110075.26,93.506451858483
15/9-F-14,2015-06,6069.93,100367.07,2015-06-01,106437.0,94.29716170128809
15/9-F-14,2015-07,6720.74,96224.54,2015-07-01,102945.28,93.47154138587024
15/9-F-14,2015-08,4876.31,79596.64,2015-08-01,84472.95,94.22737101048324
15/9-F-14,2015-09,5300.41,84511.31,2015-09-01,89811.72,94.09830921844053
15/9-F-14,2015-10,5634.86,97864.97,2015-10-01,103499.83,94.55568187889777
15/9-F-14,2015-11,5431.56,96061.08,2015-11-01,101492.64,94.64832129699258
15/9-F-14,2015-12,5158.09,94593.75,2015-12-01,99751.84,94.82907783956666
15/9-F-14,2016-01,4606.3,97147.72,2016-01-01,101754.02,95.47310268429689
15/9-F-14,2016-02,3941.77,86357.85,2016-02-01,90299.62000000001,95.63478783188677
15/9-F-14,2016-03,3753.8,98119.24,2016-03-01,101873.04000000001,96.31521745105476
15/9-F-14,2016-04,3112.41,91934.95,2016-04-01,95047.36,96.72541141595094
15/9-F-14,2016-05,3212.96,89415.55,2016-05-01,92628.51000000001,96.53134871758165
15/9-F-14,2016-06,3075.0299999999997,88380.72,2016-06-01,91455.75,96.63768543803971
15/9-F-14,2016-07,1326.86,37892.52,2016-07-01,39219.38,96.61682566119097
15/9-F-14,2016-08,0.0,0.0,2016-08-01,0.0,
15/9-F-14,2016-09,0.0,0.0,2016-09-01,0.0,
15/9-F-15 D,2014-01,5674.63,0.0,2014-01-01,5674.63,0.0
15/9-F-15 D,2014-02,7898.6,0.0,2014-02-01,7898.6,0.0
15/9-F-15 D,2014-03,7081.47,0.0,2014-03-01,7081.47,0.0
15/9-F-15 D,2014-04,7163.3,0.0,2014-04-01,7163.3,0.0
15/9-F-15 D,2014-05,7218.61,0.0,2014-05-01,7218.61,0.0
15/9-F-15 D,2014-06,7012.55,0.0,2014-06-01,7012.55,0.0
15/9-F-15 D,2014-07,6847.42,0.0,2014-07-01,6847.42,0.0
15/9-F-15 D,2014-08,3475.39,0.0,2014-08-01,3475.39,0.0
15/9-F-15 D,2014-09,5314.55,0.0,2014-09-01,5314.55,0.0
15/9-F-15 D,2014-10,5732.97,182.78,2014-10-01,5915.75,3.089718125343363
15/9-F-15 D,2014-11,4716.31,192.87,2014-11-01,4909.18,3.9287620335779088
15/9-F-15 D,2014-12,0.0,0.0,2014-12-01,0.0,
15/9-F-15 D,2015-01,5975.51,207.79,2015-01-01,6183.3,3.3605032911228627
15/9-F-15 D,2015-02,4581.29,258.99,2015-02-01,4840.28,5.350723511862951
15/9-F-15 D,2015-03,4133.47,309.74,2015-03-01,4443.21,6.971086219197383
15/9-F-15 D,2015-04,4259.92,318.03,2015-04-01,4577.95,6.9469959261241385
15/9-F-15 D,2015-05,4057.96,301.77,2015-05-01,4359.73,6.921758916263164
15/9-F-15 D,2015-06,3665.8,291.57,2015-06-01,3957.3700000000003,7.367772030414138
15/9-F-15 D,2015-07,2238.45,184.75,2015-07-01,2423.2,7.624215912842523
15/9-F-15 D,2015-08,3577.67,1856.58,2015-08-01,5434.25,34.16442011317109
15/9-F-15 D,2015-09,7417.35,3986.62,2015-09-01,11403.970000000001,34.95817684543189
15/9-F-15 D,2015-10,6346.83,3628.62,2015-10-01,9975.45,36.37550185705908
15/9-F-15 D,2015-11,3926.0099999999998,2740.47,2015-11-01,6666.48,41.10820102962883
15/9-F-15 D,2015-12,4919.04,5075.94,2015-12-01,9994.98,50.784894016796436
15/9-F-15 D,2016-01,2890.93,3648.91,2016-01-01,6539.84,55.795095904486956
15/9-F-15 D,2016-02,5109.33,5891.02,2016-02-01,11000.35,53.55302331289459
15/9-F-15 D,2016-03,3747.55,5035.04,2016-03-01,8782.59,57.32978540498873
15/9-F-15 D,2016-04,4544.16,5688.1,2016-04-01,10232.26,55.58986968665769
15/9-F-15 D,2016-05,4699.01,6004.13,2016-05-01,10703.14,56.096902404341165
15/9-F-15 D,2016-06,3463.91,5390.5,2016-06-01,8854.41,60.879268070938664
15/9-F-15 D,2016-07,828.57,1172.18,2016-07-01,2000.75,58.58702986380108
15/9-F-15 D,2016-08,0.0,0.0,2016-08-01,0.0,
15/9-F-15 D,2016-09,0.0,0.0,2016-09-01,0.0,
15/9-F-5,2016-04,3400.61,2380.78,2016-04-01,5781.39,41.1800622341686
15/9-F-5,2016-05,9724.4,3949.9,2016-05-01,13674.3,28.885573667390656
15/9-F-5,2016-06,9121.48,2376.93,2016-06-01,11498.41,20.671814624804647
15/9-F-5,2016-07,9985.289999999999,2453.71,2016-07-01,12439.0,19.72594259988745
15/9-F-5,2016-08,8928.9,2371.86,2016-08-01,11300.76,20.988499888503075
15/9-F-5,2016-09,0.0,0.0,2016-09-01,0.0,
