NPD_WELL_BORE_NAME,DATE,production_age_months,oil_volume,on_stream_hours,oil_per_on_stream_hour,water_cut_pct,gas_oil_ratio,oil_volume_lag_1,oil_volume_lag_2,oil_volume_lag_3,oil_volume_recent_mean_3,target_next_month_oil_volume,is_latest_available_origin
15/9-F-1 C,2014-04-01,0,11142.47,227.5,48.9778901098901,0.0,143.4095537165458,,,,,24901.95,False
15/9-F-1 C,2014-05-01,1,24901.95,733.83334,33.93406737284518,3.050289599979444,140.39983414953446,11142.47,,,,19617.76,False
15/9-F-1 C,2014-06-01,2,19617.76,705.91666,27.79047600321545,9.538214093360583,147.14532596993746,24901.95,11142.47,,18554.06,15085.68,False
15/9-F-1 C,2014-07-01,3,15085.68,742.41666,20.31969487322658,29.273696814670277,149.1060230629312,19617.76,24901.95,11142.47,19868.463333333333,6970.43,False
15/9-F-1 C,2014-08-01,4,6970.43,432.99166,16.098300831013695,39.38851391891257,150.37677732937567,15085.68,19617.76,24901.95,13891.29,9168.43,False
15/9-F-1 C,2014-09-01,5,9168.43,630.3,14.546136760272889,47.56708501991877,154.2357840982589,6970.43,15085.68,19617.76,10408.180000000002,9468.06,False
15/9-F-1 C,2014-10-01,6,9468.06,745.0,12.708805369127516,52.26091152441923,154.42065111543442,9168.43,6970.43,15085.68,8535.640000000001,6710.33,False
15/9-F-1 C,2014-11-01,7,6710.33,579.775,11.574024406019577,51.87854483860026,155.60908330886855,9468.06,9168.43,6970.43,8448.94,120.29,False
15/9-F-1 C,2014-12-01,8,120.29,27.5,4.374181818181818,60.395746221973454,214.95618920941055,6710.33,9468.06,9168.43,5432.893333333334,10875.53,False
15/9-F-1 C,2015-01-01,9,10875.53,479.91667,22.661288260730764,38.64759372075325,147.5730010399493,120.29,6710.33,9468.06,5902.050000000002,9586.64,False
15/9-F-1 C,2015-02-01,10,9586.64,437.41667,21.916494403379733,52.84864027134078,150.15205223102151,10875.53,120.29,6710.33,6860.820000000002,5879.22,False
15/9-F-1 C,2015-03-01,11,5879.22,320.20833,18.360609169661515,66.37882820389943,145.71345348532628,9586.64,10875.53,120.29,8780.463333333335,3924.18,False
15/9-F-1 C,2015-04-01,12,3924.18,262.83333,14.930298223592876,71.43836603504971,144.41483571090012,5879.22,9586.64,10875.53,6463.346666666668,3832.69,False
15/9-F-1 C,2015-05-01,13,3832.69,181.08333,21.16533863166753,61.67371322058848,145.866307997777,3924.18,5879.22,9586.64,4545.363333333335,6344.5,False
15/9-F-1 C,2015-06-01,14,6344.5,466.44986,13.601676287350584,69.63364617849165,145.84876349594137,3832.69,3924.18,5879.22,4700.456666666668,2093.95,False
15/9-F-1 C,2015-07-01,15,2093.95,241.66667,8.664620570143164,80.14876457711783,150.5188567062251,6344.5,3832.69,3924.18,4090.380000000001,2871.02,False
15/9-F-1 C,2015-08-01,16,2871.02,147.79167,19.42612868506053,65.009110243082,148.96886472403534,2093.95,6344.5,3832.69,3769.823333333334,6460.27,False
15/9-F-1 C,2015-09-01,17,6460.27,384.4668,16.80319340967803,69.56634800604314,148.84028376522963,2871.02,2093.95,6344.5,3808.4133333333343,4085.8,False
15/9-F-1 C,2015-10-01,18,4085.8,367.79986,11.108758986477048,76.81751152230616,154.5285035978266,6460.27,2871.02,2093.95,4472.363333333335,3332.05,False
15/9-F-1 C,2015-11-01,19,3332.05,301.25833,11.060441050708873,77.80757887782096,152.5740700169565,4085.8,6460.27,2871.02,4626.040000000002,2949.42,False
15/9-F-1 C,2015-12-01,20,2949.42,197.65833,14.92180977143741,67.87463634016885,154.2375450088492,3332.05,4085.8,6460.27,3455.756666666668,2981.44,False
15/9-F-1 C,2016-01-01,21,2981.44,387.68334,7.690400108500923,82.48037927524956,158.20407588279488,2949.42,3332.05,4085.8,3087.636666666668,4718.03,False
15/9-F-1 C,2016-02-01,22,4718.03,484.48332,9.738271278358974,77.16761131565602,157.34104488525932,2981.44,2949.42,3332.05,3549.630000000001,2917.5,False
15/9-F-1 C,2016-03-01,23,2917.5,356.75833,8.177804846210599,82.13234740228522,163.43794001713795,4718.03,2981.44,2949.42,3538.9900000000016,1671.69,True
15/9-F-11,2013-07-01,0,3923.08,112.91514,34.74361365535216,0.0,150.52064194459456,,,,,25496.07,False
15/9-F-11,2013-08-01,1,25496.07,586.71667,43.45550638607217,1.998802279205784,151.86427986744624,3923.08,,,,23775.08,False
15/9-F-11,2013-09-01,2,23775.08,538.91667,44.11643083892729,6.207855317178125,154.00890344007254,25496.07,3923.08,,17731.41,34114.5,False
15/9-F-11,2013-10-01,3,34114.5,678.49991,50.27929922643615,5.34537997387977,154.55962391358514,23775.08,25496.07,3923.08,27795.216666666664,35386.35,False
15/9-F-11,2013-11-01,4,35386.35,712.0,49.6999297752809,9.67701672155777,152.98232623596385,34114.5,23775.08,25496.07,31091.976666666666,33405.75,False
15/9-F-11,2013-12-01,5,33405.75,662.08335,50.45550533780981,12.935595679951083,155.3821967775009,35386.35,34114.5,23775.08,34302.200000000004,34552.37,False
15/9-F-11,2014-01-01,6,34552.37,668.08333,51.71865312071176,11.166972526124889,150.30382054834442,33405.75,35386.35,34114.5,34448.15666666667,28189.97,False
15/9-F-11,2014-02-01,7,28189.97,562.66666,50.10065817654809,9.156452799009,150.95023797471225,34552.37,33405.75,35386.35,32049.36333333333,33290.79,False
15/9-F-11,2014-03-01,8,33290.79,655.49999,50.78686576333891,9.98355731456147,151.38870991045872,28189.97,34552.37,33405.75,32011.04333333333,35428.73,False
15/9-F-11,2014-04-01,9,35428.73,691.51685,51.233357509654326,10.427606579294004,149.65139309255508,33290.79,28189.97,34552.37,32303.16333333333,34831.88,False
15/9-F-11,2014-05-01,10,34831.88,731.5,47.61706083390293,12.59109621612398,140.75092357920389,35428.73,33290.79,28189.97,34517.13333333333,33898.64,False
15/9-F-11,2014-06-01,11,33898.64,709.33333,47.78943631479998,15.215734590091651,147.22373876946097,34831.88,35428.73,33290.79,34719.75,33760.33,False
15/9-F-11,2014-07-01,12,33760.33,742.66667,45.458253835465655,16.766893862555282,149.16670808608802,33898.64,34831.88,35428.73,34163.61666666667,26037.54,False
15/9-F-11,2014-08-01,13,26037.54,599.11669,43.45988091234781,18.921681033167403,154.92133358220477,33760.33,33898.64,34831.88,31232.17,33221.64,False
15/9-F-11,2014-09-01,14,33221.64,690.66667,48.10082988368325,20.08398224806949,157.1363930257507,26037.54,33760.33,33898.64,31006.503333333338,33851.72,False
15/9-F-11,2014-10-01,15,33851.72,745.0,45.43855033557047,23.30763155641122,154.71025696774046,33221.64,26037.54,33760.33,31036.966666666664,26611.5,False
15/9-F-11,2014-11-01,16,26611.5,692.39181,38.43416345435976,26.11011831710495,156.0647197640118,33851.72,33221.64,26037.54,31228.286666666663,8547.92,False
15/9-F-11,2014-12-01,17,8547.92,733.8582,11.647917813005291,26.4819639166524,165.31643253563442,26611.5,33851.72,33221.64,23003.713333333333,29561.8,False
15/9-F-11,2015-01-01,18,29561.8,708.33333,41.73430607874968,31.92039131876635,147.4530965638087,8547.92,26611.5,33851.72,21573.74,25347.22,False
15/9-F-11,2015-02-01,19,25347.22,632.16667,40.09578676458853,35.68038960389745,151.3410026819509,29561.8,8547.92,26611.5,21152.31333333333,44316.19,False
15/9-F-11,2015-03-01,20,44316.19,743.83333,59.57811812492995,30.433654419875577,147.05010719558695,25347.22,29561.8,8547.92,33075.07,54555.76,False
15/9-F-11,2015-04-01,21,54555.76,720.0,75.7718888888889,30.409559326634643,145.84101642063092,44316.19,25347.22,29561.8,41406.39000000001,55029.22,False
15/9-F-11,2015-05-01,22,55029.22,744.0,73.96400537634409,30.741434590128343,145.87723467641374,54555.76,44316.19,25347.22,51300.39000000001,48231.1,False
15/9-F-11,2015-06-01,23,48231.1,718.81667,67.09791524450873,32.18608624642027,146.49990545519384,55029.22,54555.76,44316.19,52605.36000000001,43784.66,False
15/9-F-11,2015-07-01,24,43784.66,744.0,58.8503494623656,45.255892710969,148.65601993940342,48231.1,55029.22,54555.76,49014.993333333325,31498.15,False
15/9-F-11,2015-08-01,25,31498.15,632.01681,49.83751935332227,50.29374963211269,151.43435979573405,43784.66,48231.1,55029.22,41171.30333333334,31424.59,False
15/9-F-11,2015-09-01,26,31424.59,718.72458,43.72271503501384,54.34890299382129,151.09536385359365,31498.15,43784.66,48231.1,35569.13333333334,29724.78,False
15/9-F-11,2015-10-01,27,29724.78,626.89181,47.41612432295136,56.1240633211577,151.44165978688488,31424.59,31498.15,43784.66,30882.506666666668,36410.23,False
15/9-F-11,2015-11-01,28,36410.23,671.3081999999999,54.23772568248087,61.04559551610998,152.66515344725917,29724.78,31424.59,31498.15,32519.86666666667,35933.9,False
15/9-F-11,2015-12-01,29,35933.9,740.16667,48.54838978361455,63.67017024941215,153.18864526255152,36410.23,29724.78,31424.59,34022.97,31603.26,False
15/9-F-11,2016-01-01,30,31603.26,736.49999,42.91006168241767,68.26469574606021,156.62753715914118,35933.9,36410.23,29724.78,34649.13,25954.57,False
15/9-F-11,2016-02-01,31,25954.57,695.58333,37.31338702438426,71.96072686605508,157.70966577369612,31603.26,35933.9,36410.23,31163.91,25023.66,False
15/9-F-11,2016-03-01,32,25023.66,743.0,33.67921938088829,75.38509995315786,161.129031484603,25954.57,31603.26,35933.9,27527.16333333333,13429.0,False
15/9-F-11,2016-04-01,33,13429.0,579.08332,23.1900998288122,81.18150813067032,163.4095651202621,25023.66,25954.57,31603.26,21469.076666666664,15528.75,False
15/9-F-11,2016-05-01,34,15528.75,744.0,20.87197580645161,82.54686370105058,157.8178391692828,13429.0,25023.66,25954.57,17993.80333333333,14590.61,False
15/9-F-11,2016-06-01,35,14590.61,718.41667,20.309397887440447,83.09118465230486,161.00294778628174,15528.75,13429.0,25023.66,14516.119999999995,14384.88,False
15/9-F-11,2016-07-01,36,14384.88,740.00101,19.43900049541824,84.27359472436744,160.54687074205694,14590.61,15528.75,13429.0,14834.746666666664,14583.73,False
15/9-F-11,2016-08-01,37,14583.73,743.66667,19.610573645851307,85.75055068145365,160.54682512635657,14384.88,14590.61,15528.75,14519.739999999998,8609.18,True
15/9-F-12,2008-02-01,0,49091.06,406.62499,120.7280939619574,0.8334937591495741,143.97752442094347,,,,,83361.26,False
15/9-F-12,2008-03-01,1,83361.26,655.10834,127.24805182605368,0.0328821609839609,146.24504128176568,49091.06,,,,74532.45,False
15/9-F-12,2008-04-01,2,74532.45,613.64666,121.4582509094077,0.6426090955748556,154.38162491639548,83361.26,49091.06,,68994.92333333332,125478.56,False
15/9-F-12,2008-05-01,3,125478.56,716.19167,175.2024845527734,11.484390232753295,152.15245951180822,74532.45,83361.26,49091.06,94457.42333333334,143786.85,False
15/9-F-12,2008-06-01,4,143786.85,675.91669,212.7286574326194,0.3288271096002099,149.61266576185514,125478.56,74532.45,83361.26,114599.28666666668,114994.61,False
15/9-F-12,2008-07-01,5,114994.61,710.74165,161.7952317835883,0.2515686609741471,148.8456005024931,143786.85,125478.56,74532.45,128086.67333333334,97822.46,False
15/9-F-12,2008-08-01,6,97822.46,672.83334,145.38884175983313,0.3607579155285819,144.57833344203365,114994.61,143786.85,125478.56,118867.97333333334,77666.95,False
15/9-F-12,2008-09-01,7,77666.95,567.97499,136.74360908039276,0.241974410490019,144.02450991058618,97822.46,114994.61,143786.85,96828.00666666668,94357.23,False
15/9-F-12,2008-10-01,8,94357.23,737.50001,127.94200504485416,0.6570242051907491,142.34027376598488,77666.95,97822.46,114994.61,89948.88,145915.56,False
15/9-F-12,2008-11-01,9,145915.56,712.66667,204.74587369155344,1.6117433517634874,142.80260624706509,94357.23,77666.95,97822.46,105979.91333333332,166439.67,False
15/9-F-12,2008-12-01,10,166439.67,744.0,223.70923387096772,0.5991950214932867,144.835433403587,145915.56,94357.23,77666.95,135570.81999999998,153677.16,False
15/9-F-12,2009-01-01,11,153677.16,740.83332,207.4382399538941,0.252980977357112,144.81803294647037,166439.67,145915.56,94357.23,155344.13,121905.01,False
15/9-F-12,2009-02-01,12,121905.01,656.30834,185.7435028175933,0.0,142.9559912262835,153677.16,166439.67,145915.56,147340.61333333334,92958.71,False
15/9-F-12,2009-03-01,13,92958.71,506.33334,183.59191990004052,0.0,141.17608764149156,121905.01,153677.16,166439.67,122846.96,150955.68,False
15/9-F-12,2009-04-01,14,150955.68,719.16667,209.90360968758463,0.8188395984624903,138.6573053097439,92958.71,121905.01,153677.16,121939.8,141039.01,False
15/9-F-12,2009-05-01,15,141039.01,695.16666,202.8851757649022,2.1551071660232197,137.31557978179228,150955.68,92958.71,121905.01,128317.8,132429.71,False
15/9-F-12,2009-06-01,16,132429.71,715.31666,185.13438509876173,1.968067710359014,134.31635280330977,141039.01,150955.68,92958.71,141474.80000000002,106105.25,False
15/9-F-12,2009-07-01,17,106105.25,742.16666,142.9668775474231,3.006946680867234,138.74871601546576,132429.71,141039.01,150955.68,126524.65666666666,112414.27,False
15/9-F-12,2009-08-01,18,112414.27,589.075,190.83184653906548,4.278000324936639,139.45160129581413,106105.25,132429.71,141039.01,116983.07666666666,90098.89,False
15/9-F-12,2009-09-01,19,90098.89,493.25,182.66374049670551,2.4206475688200126,139.32937120535,112414.27,106105.25,132429.71,102872.80333333334,126939.65,False
15/9-F-12,2009-10-01,20,126939.65,683.74166,185.65440344822636,5.09358184418916,140.3792611685947,90098.89,112414.27,106105.25,109817.60333333332,136015.68,False
15/9-F-12,2009-11-01,21,136015.68,705.75001,192.7250132097058,7.662372443654235,141.02479640582615,126939.65,90098.89,112414.27,117684.74,158001.52,False
15/9-F-12,2009-12-01,22,158001.52,728.5,216.88609471516813,9.879609442518346,140.25727379078378,136015.68,126939.65,90098.89,140318.94999999998,149658.83,False
15/9-F-12,2010-01-01,23,149658.83,742.16666,201.6512436707949,16.8049481597273,140.61718924302696,158001.52,136015.68,126939.65,147892.00999999998,103026.0,False
15/9-F-12,2010-02-01,24,103026.0,608.725,169.24883978808165,29.55085438718352,140.94102401335584,149658.83,158001.52,136015.68,136895.44999999998,101571.61,False
15/9-F-12,2010-03-01,25,101571.61,647.66666,156.82698565956753,34.71007380530875,140.57588335953324,103026.0,149658.83,158001.52,118085.48,86253.61,False
15/9-F-12,2010-04-01,26,86253.61,705.99999,122.17225385513107,44.08182965671894,140.99289212358764,101571.61,103026.0,149658.83,96950.40666666666,77113.56,False
15/9-F-12,2010-05-01,27,77113.56,733.16667,105.17875833062624,49.11738139555784,142.26267468393368,86253.61,101571.61,103026.0,88312.92666666668,69617.37,False
15/9-F-12,2010-06-01,28,69617.37,717.16667,97.07279062480691,54.46444216867069,142.84558968544775,77113.56,86253.61,101571.61,77661.51333333334,64039.69,False
15/9-F-12,2010-07-01,29,64039.69,742.33334,86.26810429934348,59.74722214260464,144.96286240611096,69617.37,77113.56,86253.61,70256.87333333334,30117.36,False
15/9-F-12,2010-08-01,30,30117.36,427.43334,70.46095187614519,64.52817095245615,144.31889946529176,64039.69,69617.37,77113.56,54591.47333333333,51312.93,False
15/9-F-12,2010-09-01,31,51312.93,644.74999,79.58577866748008,63.541069162642806,151.03816679343782,30117.36,64039.69,69617.37,48489.99333333334,51430.58,False
15/9-F-12,2010-10-01,32,51430.58,743.00001,69.22016057577173,65.93402349883372,150.5209009892558,51312.93,30117.36,64039.69,44286.956666666665,44468.45,False
15/9-F-12,2010-11-01,33,44468.45,690.33333,64.41591049935253,69.6883386353892,151.72729519468297,51430.58,51312.93,30117.36,49070.65333333333,45217.96,False
15/9-F-12,2010-12-01,34,45217.96,741.33333,60.99544991454788,71.11667327248739,152.82999188817894,44468.45,51430.58,51312.93,47038.996666666666,44746.55,False
15/9-F-12,2011-01-01,35,44746.55,743.5,60.183658372562206,72.31580065567425,152.50339724515072,45217.96,44468.45,51430.58,44810.98666666666,29157.49,False
15/9-F-12,2011-02-01,36,29157.49,557.24999,52.32389506189134,74.5197374118546,154.99369355867051,44746.55,45217.96,44468.45,39707.333333333336,37395.05,False
15/9-F-12,2011-03-01,37,37395.05,729.83334,51.237793548866925,75.17496003568905,154.03694365965546,29157.49,44746.55,45217.96,37099.69666666667,37819.72,False
15/9-F-12,2011-04-01,38,37819.72,717.91667,52.67981867589174,75.44430744578003,155.40730788065062,37395.05,29157.49,44746.55,34790.753333333334,37204.71,False
15/9-F-12,2011-05-01,39,37204.71,736.04167,50.54701590468377,76.26829581626026,155.9410163390603,37819.72,37395.05,29157.49,37473.16,22026.06,False
15/9-F-12,2011-06-01,40,22026.06,463.26667,47.54509967229026,77.19621698010654,154.90858419526688,37204.71,37819.72,37395.05,32350.16333333333,12462.42,False
15/9-F-12,2011-07-01,41,12462.42,245.24669,50.815854028447845,71.8997978125332,146.3400647707267,22026.06,37204.71,37819.72,23897.73,36380.15,False
15/9-F-12,2011-08-01,42,36380.15,651.49332,55.8411711727144,73.1283786049594,149.71121696859413,12462.42,22026.06,37204.71,23622.876666666667,29999.17,False
15/9-F-12,2011-09-01,43,29999.17,707.0,42.43164073550212,78.64387107346917,152.2177700249707,36380.15,12462.42,22026.06,26280.58,12647.5,False
15/9-F-12,2011-10-01,44,12647.5,325.66166,38.83631865046687,80.69770600687085,151.78210950780786,29999.17,36380.15,12462.42,26342.27333333333,21789.05,False
15/9-F-12,2011-11-01,45,21789.05,459.33334,47.43624749729684,77.66645367385942,148.81023633430556,12647.5,29999.17,36380.15,21478.573333333334,18090.2,False
15/9-F-12,2011-12-01,46,18090.2,424.82166,42.58304531835783,78.14319228377434,146.51542326784667,21789.05,12647.5,29999.17,17508.916666666668,18217.85,False
15/9-F-12,2012-01-01,47,18217.85,399.65834,45.583560197943065,77.80356296076445,149.44537637536814,18090.2,21789.05,12647.5,19365.7,27362.26,False
15/9-F-12,2012-02-01,48,27362.26,688.75833,39.72693876529958,83.03822425867942,156.78254756734276,18217.85,18090.2,21789.05,21223.436666666665,26679.88,False
15/9-F-12,2012-03-01,49,26679.88,740.41666,36.03360302562614,84.20036397361211,160.27755447175923,27362.26,18217.85,18090.2,24086.66333333333,24088.35,False
15/9-F-12,2012-04-01,50,24088.35,710.29167,33.913321832987286,85.14905415374697,160.4987552073928,26679.88,27362.26,18217.85,26043.496666666662,22415.15,False
15/9-F-12,2012-05-01,51,22415.15,737.69167,30.38552678790585,86.21611995382078,161.98679330720518,24088.35,26679.88,27362.26,24394.460000000003,20887.38,False
15/9-F-12,2012-06-01,52,20887.38,711.33334,29.363701692936253,86.5215422322274,162.52140574835138,22415.15,24088.35,26679.88,22463.626666666667,21206.94,False
15/9-F-12,2012-07-01,53,21206.94,744.0,28.503951612903226,86.85830896874151,162.4359143751998,20887.38,22415.15,24088.35,21503.156666666662,8998.24,False
15/9-F-12,2012-08-01,54,8998.24,288.625,31.176232135123428,85.89282785915027,152.93602748982025,21206.94,20887.38,22415.15,17030.853333333333,1013.93,False
15/9-F-12,2012-09-01,55,1013.93,26.99166,37.564566240090464,81.65499971955903,154.76453009576596,8998.24,21206.94,20887.38,10406.37,19612.85,False
15/9-F-12,2012-10-01,56,19612.85,610.175,32.14299176465768,86.08329593895648,156.40691689377118,1013.93,8998.24,21206.94,9875.006666666666,19018.88,False
15/9-F-12,2012-11-01,57,19018.88,720.0,26.415111111111116,87.64432049635596,162.28293989972067,19612.85,1013.93,8998.24,13215.22,16320.65,False
15/9-F-12,2012-12-01,58,16320.65,700.24999,23.30689072912375,88.97164555415544,166.49398338914196,19018.88,19612.85,1013.93,18317.46,17408.57,False
15/9-F-12,2013-01-01,59,17408.57,744.0,23.39861559139785,88.92531768373173,165.50348248018074,16320.65,19018.88,19612.85,17582.7,15087.38,False
15/9-F-12,2013-02-01,60,15087.38,672.0,22.45145833333333,89.3309673055102,163.1329309661452,17408.57,16320.65,19018.88,16272.200000000004,6305.81,False
15/9-F-12,2013-03-01,61,6305.81,307.76833,20.48882027595237,90.05809395021677,167.09441293029758,15087.38,17408.57,16320.65,12933.92,12351.34,False
15/9-F-12,2013-04-01,62,12351.34,513.46573,24.054847827916383,89.28734950684222,166.40233853168968,6305.81,15087.38,17408.57,11248.176666666666,16313.4,False
15/9-F-12,2013-05-01,63,16313.4,732.05834,22.28428952807231,90.02104808051037,169.04846138757097,12351.34,6305.81,15087.38,11656.85,11899.57,False
15/9-F-12,2013-06-01,64,11899.57,566.675,20.99893236864164,90.4389361799229,171.20112995679676,16313.4,12351.34,6305.81,13521.436666666666,11861.63,False
15/9-F-12,2013-07-01,65,11861.63,581.275,20.40622768913165,90.43680771619378,161.84137171704057,11899.57,16313.4,12351.34,13358.2,15147.18,False
15/9-F-12,2013-08-01,66,15147.18,687.97685,22.01699083333981,90.99144063214632,155.42440837172333,11861.63,11899.57,16313.4,12969.46,9223.53,False
15/9-F-12,2013-09-01,67,9223.53,589.985,15.633499156758225,91.90221869794316,156.86177743228458,15147.18,11861.63,11899.57,12077.446666666665,8305.01,False
15/9-F-12,2013-10-01,68,8305.01,680.0,12.21325,94.30538187734018,154.55532263055673,9223.53,15147.18,11861.63,10891.906666666668,7170.56,False
15/9-F-12,2013-11-01,69,7170.56,648.64167,11.054732268434128,94.49112368074827,153.8181439106569,8305.01,9223.53,15147.18,8233.033333333335,7079.52,False
15/9-F-12,2013-12-01,70,7079.52,633.4,11.177012946005684,94.67460134657472,155.5738990779036,7170.56,8305.01,9223.53,7518.363333333334,4997.24,False
15/9-F-12,2014-01-01,71,4997.24,486.14168,10.27939015638404,94.56984053679604,153.32377872585667,7079.52,7170.56,8305.01,6415.7733333333335,6101.4,False
15/9-F-12,2014-02-01,72,6101.4,561.9,10.858515750133476,94.75821409861196,151.10745238797654,4997.24,7079.52,7170.56,6059.386666666665,6835.66,False
15/9-F-12,2014-03-01,73,6835.66,656.72426,10.408721614761118,94.90586409218668,151.56856543479344,6101.4,4997.24,7079.52,5978.099999999999,5892.01,False
15/9-F-12,2014-04-01,74,5892.01,693.01833,8.501954053653964,95.9928339042674,149.9666497511036,6835.66,6101.4,4997.24,6276.356666666667,3237.7,False
15/9-F-12,2014-05-01,75,3237.7,427.32999,7.576580337832127,96.48022372109833,145.0610000926584,5892.01,6835.66,6101.4,5321.79,5751.2,False
15/9-F-12,2014-06-01,76,5751.2,707.33333,8.130820019466634,96.35506041478487,147.227316038392,3237.7,5892.01,6835.66,4960.303333333333,5791.84,False
15/9-F-12,2014-07-01,77,5791.84,743.16667,7.793460382177797,96.33674121106684,149.183321707782,5751.2,3237.7,5892.01,4926.913333333333,4448.49,False
15/9-F-12,2014-08-01,78,4448.49,593.36666,7.497033958733036,96.60621595241535,158.3769234054702,5791.84,5751.2,3237.7,5330.51,5062.59,False
15/9-F-12,2014-09-01,79,5062.59,685.83333,7.38166224729848,96.72193509941862,158.8061980132699,4448.49,5791.84,5751.2,5100.973333333333,5385.61,False
15/9-F-12,2014-10-01,80,5385.61,745.0,7.229006711409395,96.64972517483376,154.69381741344063,5062.59,4448.49,5791.84,4965.563333333333,4495.06,False
15/9-F-12,2014-11-01,81,4495.06,580.94167,7.737541016811549,96.22757640923108,155.94857910684175,5385.61,5062.59,4448.49,4981.086666666666,0.0,False
15/9-F-12,2014-12-01,82,0.0,0.0,,,,4495.06,5385.61,5062.59,3293.556666666666,25712.55,False
15/9-F-12,2015-01-01,83,25712.55,715.58333,35.93229316842805,31.06697261209353,147.02779109812136,0.0,4495.06,5385.61,10069.203333333331,19578.55,False
15/9-F-12,2015-02-01,84,19578.55,622.79666,31.436504492493587,43.56798932381777,151.2203018098889,25712.55,0.0,4495.06,15097.033333333333,19341.43,False
15/9-F-12,2015-03-01,85,19341.43,665.125,29.079391091900018,49.88889058734739,147.52956890984794,19578.55,25712.55,0.0,21544.176666666663,19796.56,False
15/9-F-12,2015-04-01,86,19796.56,720.0,27.495222222222225,51.24554792040905,145.9543961173052,19341.43,19578.55,25712.55,19572.18,16996.48,False
15/9-F-12,2015-05-01,87,16996.48,744.0,22.844731182795694,59.72141352138324,145.89023138908763,19796.56,19341.43,19578.55,18711.49,19536.3,False
15/9-F-12,2015-06-01,88,19536.3,709.31667,27.54242332976609,62.74469869551239,146.37915572549562,16996.48,19796.56,19341.43,18776.446666666667,19157.45,False
15/9-F-12,2015-07-01,89,19157.45,744.0,25.749260752688173,65.56767517440424,148.60124494648295,19536.3,16996.48,19796.56,18563.41,13473.27,False
15/9-F-12,2015-08-01,90,13473.27,636.68333,21.16165032937175,70.12730395729352,151.93941114517855,19157.45,19536.3,16996.48,17389.006666666668,12494.51,False
15/9-F-12,2015-09-01,91,12494.51,719.32486,17.369773651365257,73.72888109239996,151.11026042637926,13473.27,19157.45,19536.3,15041.743333333334,11888.63,False
15/9-F-12,2015-10-01,92,11888.63,738.66667,16.094715631341536,76.24162790581488,153.1991617200636,12494.51,13473.27,19157.45,12618.803333333335,11369.48,False
15/9-F-12,2015-11-01,93,11369.48,719.50001,15.80191777898655,76.81211323711587,153.77232292066128,11888.63,12494.51,13473.27,11917.54,10855.97,False
15/9-F-12,2015-12-01,94,10855.97,731.33334,14.84407917188624,77.45102865426345,153.13723048239817,11369.48,11888.63,12494.51,11371.36,9494.98,False
15/9-F-12,2016-01-01,95,9494.98,736.49999,12.892030046056076,80.40851883551045,156.64488603451508,10855.97,11369.48,11888.63,10573.476666666667,7644.12,False
15/9-F-12,2016-02-01,96,7644.12,695.58333,10.989510056257386,82.18053326085061,157.7093373730397,9494.98,10855.97,11369.48,9331.69,7359.93,False
15/9-F-12,2016-03-01,97,7359.93,743.0,9.905693135935396,84.62425371559696,161.12837486226093,7644.12,9494.98,10855.97,8166.343333333333,6152.17,False
15/9-F-12,2016-04-01,98,6152.17,718.83333,8.558548613765586,85.784601535045,164.98802211252288,7359.93,7644.12,9494.98,7052.073333333334,5865.13,False
15/9-F-12,2016-05-01,99,5865.13,740.5,7.920499662390277,86.03969589347655,157.7993735859222,6152.17,7359.93,7644.12,6459.076666666668,5408.31,False
15/9-F-12,2016-06-01,100,5408.31,703.25833,7.690360382933538,86.48488783199839,160.96218596936936,5865.13,6152.17,7359.93,5808.536666666667,4533.82,False
15/9-F-12,2016-07-01,101,4533.82,703.72593,6.442593354489581,86.84858153971109,160.86195746633084,5408.31,5865.13,6152.17,5269.086666666666,1442.03,False
15/9-F-12,2016-08-01,102,1442.03,285.89167,5.043973474288356,88.35115763011575,161.2710623218657,4533.82,5408.31,5865.13,3794.72,0.0,True
15/9-F-14,2008-07-01,0,51285.08,437.57,117.20428731402976,0.2454132120887938,146.9991090976167,,,,,67621.2,False
15/9-F-14,2008-08-01,1,67621.2,458.4,147.51570680628274,0.3280037816316998,144.63707151011812,51285.08,,,,114596.26,False
15/9-F-14,2008-09-01,2,114596.26,642.70833,178.30212345310662,0.2400324047663839,142.5920422708385,67621.2,51285.08,,77834.18,142817.06,False
15/9-F-14,2008-10-01,3,142817.06,742.5,192.3462087542088,0.0708446664391707,142.32799862985556,114596.26,67621.2,51285.08,108344.83999999998,104409.61,False
15/9-F-14,2008-11-01,4,104409.61,717.83333,145.45104780799184,0.1815400647230627,142.76482796937944,142817.06,114596.26,67621.2,120607.64333333333,110199.28,False
15/9-F-14,2008-12-01,5,110199.28,744.0,148.117311827957,0.0603450824561954,144.79453450149583,104409.61,142817.06,114596.26,119141.98333333332,115572.66,False
15/9-F-14,2009-01-01,6,115572.66,705.16665,163.89410928608152,0.8389414197885979,144.65752825971126,110199.28,104409.61,142817.06,110060.51666666666,113880.98,False
15/9-F-14,2009-02-01,7,113880.98,638.41668,178.38033304518294,2.172695833750679,142.73127470452044,115572.66,110199.28,104409.61,113217.64,90644.44,False
15/9-F-14,2009-03-01,8,90644.44,530.80333,170.76840870610215,1.8177237406958056,140.13505097499635,113880.98,115572.66,110199.28,106699.36,86944.06,False
15/9-F-14,2009-04-01,9,86944.06,537.63334,161.71627302726426,0.2826797818524558,137.17620479190873,90644.44,113880.98,115572.66,97156.49333333332,116175.04,False
15/9-F-14,2009-05-01,10,116175.04,694.66667,167.23854046430642,2.8759331285041045,137.24590781290027,86944.06,90644.44,113880.98,97921.18,86654.03,False
15/9-F-14,2009-06-01,11,86654.03,691.89998,125.24068869029306,6.203568731401921,140.1190586288947,116175.04,86944.06,90644.44,96591.04333333332,64871.82,False
15/9-F-14,2009-07-01,12,64871.82,742.16666,87.4086960467882,9.453238243523058,140.7060953430935,86654.03,116175.04,86944.06,89233.62999999999,112493.5,False
15/9-F-14,2009-08-01,13,112493.5,656.82498,171.2686079631137,15.600723489893408,139.24912826074396,64871.82,86654.03,116175.04,88006.45,90349.8,False
15/9-F-14,2009-09-01,14,90349.8,509.07501,177.47836414126868,14.461436270930722,139.0665307504831,112493.5,64871.82,86654.03,89238.37333333331,96707.32,False
15/9-F-14,2009-10-01,15,96707.32,655.42499,147.54902769270365,21.25220204357461,140.1815790159421,90349.8,112493.5,64871.82,99850.20666666668,98043.5,False
15/9-F-14,2009-11-01,16,98043.5,709.25001,138.23545804391318,28.466703803700494,140.97705263479986,96707.32,90349.8,112493.5,95033.54,89514.35,False
15/9-F-14,2009-12-01,17,89514.35,726.66667,123.18488475603266,38.55740258773952,140.23346848857193,98043.5,96707.32,90349.8,94755.05666666666,82221.25,False
15/9-F-14,2010-01-01,18,82221.25,742.16666,110.78542655095823,45.98717126135512,140.6120913997294,89514.35,98043.5,96707.32,89926.36666666665,62092.98,False
15/9-F-14,2010-02-01,19,62092.98,610.175,101.762576310075,49.96263696254823,140.9378047244632,82221.25,89514.35,98043.5,77942.86,66989.25,False
15/9-F-14,2010-03-01,20,66989.25,654.10832,102.4130835088598,49.07700564271711,140.64652701739456,62092.98,82221.25,89514.35,70434.49333333333,73035.81,False
15/9-F-14,2010-04-01,21,73035.81,679.80833,107.43588564147193,48.890666497225496,140.8688480349571,66989.25,62092.98,82221.25,67372.68,87809.28,False
15/9-F-14,2010-05-01,22,87809.28,740.16667,118.6344691797592,49.27975623585124,142.24346116948004,73035.81,66989.25,62092.98,75944.77999999998,75309.81999999999,False
15/9-F-14,2010-06-01,23,75309.81999999999,717.75,104.9248624172762,56.18738973373435,142.83099866657497,87809.28,73035.81,66989.25,78718.30333333332,69600.25,False
15/9-F-14,2010-07-01,24,69600.25,742.41667,93.74823170390287,59.25439916261066,144.73416905830078,75309.81999999999,87809.28,73035.81,77573.11666666665,38413.73,False
15/9-F-14,2010-08-01,25,38413.73,425.1,90.3639849447189,59.50764773661719,144.30393195349683,69600.25,75309.81999999999,87809.28,61107.93333333332,55405.21,False
15/9-F-14,2010-09-01,26,55405.21,566.14999,97.86312987482346,54.553123264373504,149.09341901239975,38413.73,69600.25,75309.81999999999,54473.06333333332,78755.31,False
15/9-F-14,2010-10-01,27,78755.31,743.16666,105.97260915875854,56.17509193567549,150.51488693270335,55405.21,38413.73,69600.25,57524.74999999998,62555.48,False
15/9-F-14,2010-11-01,28,62555.48,683.41667,91.53344181668852,60.7865227280962,151.63097909247918,78755.31,55405.21,38413.73,65571.99999999999,63886.23,False
15/9-F-14,2010-12-01,29,63886.23,741.5,86.15809844908969,63.603124972048406,152.82103091699102,62555.48,78755.31,55405.21,68399.00666666665,61328.45,False
15/9-F-14,2011-01-01,30,61328.45,744.0,82.43071236559139,64.4465478047174,152.510040772268,63886.23,62555.48,78755.31,62590.05333333332,44066.31,False
15/9-F-14,2011-02-01,31,44066.31,561.5,78.47962600178094,64.33565363887728,154.99617712488293,61328.45,63886.23,62555.48,56426.99666666664,56709.96,False
15/9-F-14,2011-03-01,32,56709.96,732.5,77.41974061433447,67.44701842089054,154.00742603239362,44066.31,61328.45,63886.23,54034.90666666665,51814.24,False
15/9-F-14,2011-04-01,33,51814.24,717.66667,72.1981975281087,70.19906614127144,155.40598260246605,56709.96,44066.31,61328.45,50863.50333333332,51121.62,False
15/9-F-14,2011-05-01,34,51121.62,741.25,68.96677234401349,71.67047152540367,155.95999657287854,51814.24,56709.96,44066.31,53215.27333333332,31194.51,False
15/9-F-14,2011-06-01,35,31194.51,465.175,67.05973020906112,72.2600265639206,155.02446263781673,51121.62,51814.24,56709.96,44710.12333333332,20211.31,False
15/9-F-14,2011-07-01,36,20211.31,254.50833,79.41315712534832,67.51817321575277,151.62628894416048,31194.51,51121.62,51814.24,34175.81333333332,49730.28,False
15/9-F-14,2011-08-01,37,49730.28,652.325,76.23543479094009,68.65706719910908,154.46540598605114,20211.31,31194.51,51121.62,33712.03333333332,51053.13,False
15/9-F-14,2011-09-01,38,51053.13,708.0,72.1089406779661,72.40531549681927,157.118362380524,49730.28,20211.31,31194.51,40331.57333333331,21807.23,False
15/9-F-14,2011-10-01,39,21807.23,327.07499,66.6734867132458,72.14738853389292,156.20225035458424,51053.13,49730.28,20211.31,40863.54666666665,35043.89,False
15/9-F-14,2011-11-01,40,35043.89,464.30833,75.47547122404632,67.74021939370864,153.55708455882038,21807.23,51053.13,49730.28,35968.083333333314,34166.4,False
15/9-F-14,2011-12-01,41,34166.4,436.65001,78.24664884354405,68.54192044327696,150.52711787018825,35043.89,21807.23,51053.13,30339.173333333318,27309.23,False
15/9-F-14,2012-01-01,42,27309.23,363.81667,75.06316299360334,67.80620130639069,152.1887918480309,34166.4,35043.89,21807.23,32173.173333333318,36797.66,False
15/9-F-14,2012-02-01,43,36797.66,692.66666,53.12462996270096,60.03447245950247,152.14442793373274,27309.23,34166.4,35043.89,32757.76333333332,34745.590000000004,False
15/9-F-14,2012-03-01,44,34745.590000000004,740.83334,46.9006834924573,63.414719152587885,154.78766283721183,36797.66,27309.23,34166.4,32950.82666666665,36509.79,False
15/9-F-14,2012-04-01,45,36509.79,720.0,50.70804166666667,66.60314122543485,155.38927558882153,34745.590000000004,36797.66,27309.23,36017.679999999986,35051.96,False
15/9-F-14,2012-05-01,46,35051.96,741.08334,47.29827012438304,70.27713306459033,156.7783350774108,36509.79,34745.590000000004,36797.66,35435.779999999984,31665.55,False
15/9-F-14,2012-06-01,47,31665.55,711.16667,44.52620086934052,71.68920806707212,157.28169193334713,35051.96,36509.79,34745.590000000004,34409.099999999984,32960.7,False
15/9-F-14,2012-07-01,48,32960.7,744.0,44.30201612903225,71.81165936003221,157.1951590833933,31665.55,35051.96,36509.79,33226.069999999985,12689.84,False
15/9-F-14,2012-08-01,49,12689.84,288.625,43.966530965786056,72.38166624444253,155.57591900291888,32960.7,31665.55,35051.96,25772.029999999984,1655.0800000000002,False
15/9-F-14,2012-09-01,50,1655.0800000000002,30.78333,53.765463320569935,63.80970290404896,148.62183701089978,12689.84,32960.7,31665.55,15768.53999999998,33944.02,False
15/9-F-14,2012-10-01,51,33944.02,610.175,55.62997500717008,63.89141474851445,151.86939702486623,1655.0800000000002,12689.84,32960.7,16096.313333333315,34931.66,False
15/9-F-14,2012-11-01,52,34931.66,720.0,48.51619444444445,71.40459551254396,157.04049879106802,33944.02,1655.0800000000002,12689.84,23510.25333333332,30122.89,False
15/9-F-14,2012-12-01,53,30122.89,710.99999,42.36693449179936,75.63786557387259,161.16943095433408,34931.66,33944.02,1655.0800000000002,32999.52333333332,30184.8,False
15/9-F-14,2013-01-01,54,30184.8,744.0,40.57096774193548,76.7754259989076,160.17058917070844,30122.89,34931.66,33944.02,31746.449999999983,26595.53,False
15/9-F-14,2013-02-01,55,26595.53,667.91667,39.818634860543305,77.5973726230271,157.78335118721077,30184.8,30122.89,34931.66,28967.73999999998,18816.52,False
15/9-F-14,2013-03-01,56,18816.52,508.30167,37.01841074022047,78.96073180996662,147.9440826465255,26595.53,30184.8,30122.89,25198.949999999983,22875.42,False
15/9-F-14,2013-04-01,57,22875.42,557.33333,41.04441412107903,77.6444974516661,160.70773563938934,18816.52,26595.53,30184.8,22762.48999999998,27661.53,False
15/9-F-14,2013-05-01,58,27661.53,733.50001,37.71169682737973,79.84069931850611,163.6182857564278,22875.42,18816.52,26595.53,23117.82333333332,22298.26,False
15/9-F-14,2013-06-01,59,22298.26,630.08333,35.38938254405175,80.7294348444191,163.8129114110249,27661.53,22875.42,18816.52,24278.40333333332,22602.78,False
15/9-F-14,2013-07-01,60,22602.78,660.84167,34.20301870491913,80.7130728718107,157.21059754596558,22298.26,27661.53,22875.42,24187.52333333332,21666.9,False
15/9-F-14,2013-08-01,61,21666.9,687.825,31.500599716497657,80.84610449763689,150.43977449473618,22602.78,22298.26,27661.53,22189.313333333317,17870.72,False
15/9-F-14,2013-09-01,62,17870.72,626.825,28.50990308299765,83.83439123195339,151.52474382677363,21666.9,22602.78,22298.26,20713.46666666665,18441.11,False
15/9-F-14,2013-10-01,63,18441.11,658.66666,27.997636923053008,83.99135272566407,149.51026158403698,17870.72,21666.9,22602.78,19326.24333333332,19248.66,False
15/9-F-14,2013-11-01,64,19248.66,681.25,28.25491376146789,84.34896894806285,148.2482261102851,18441.11,17870.72,21666.9,18520.16333333332,15495.97,False
15/9-F-14,2013-12-01,65,15495.97,630.08333,24.59352479615672,86.2628386104696,150.39548927882538,19248.66,18441.11,17870.72,17728.579999999984,16686.58,False
15/9-F-14,2014-01-01,66,16686.58,673.25,24.785116969922026,86.4789998275699,145.43143112609053,15495.97,19248.66,18441.11,17143.73666666665,14766.13,False
15/9-F-14,2014-02-01,67,14766.13,598.60834,24.667431128674217,86.72067740316436,146.36682529545655,16686.58,15495.97,19248.66,15649.559999999983,14954.84,False
15/9-F-14,2014-03-01,68,14954.84,677.16666,22.08443044139237,87.15837961833145,146.86770436861912,14766.13,16686.58,15495.97,15469.183333333314,16572.24,False
15/9-F-14,2014-04-01,69,16572.24,701.45833,23.625409081677027,86.35294261031025,144.75340026453875,14954.84,14766.13,16686.58,15431.069999999983,13637.02,False
15/9-F-14,2014-05-01,70,13637.02,701.5,19.439800427655022,87.87693610255934,142.51789393870507,16572.24,14954.84,14766.13,15054.699999999984,13257.99,False
15/9-F-14,2014-06-01,71,13257.99,710.0,18.67322535211268,88.637205885277,147.1811699963569,13637.02,16572.24,14954.84,14489.083333333316,13495.98,False
15/9-F-14,2014-07-01,72,13495.98,743.08334,18.16213508433657,88.08418777497306,149.1490532736415,13257.99,13637.02,16572.24,13463.663333333316,8443.73,False
15/9-F-14,2014-08-01,73,8443.73,599.78333,14.077967121893836,90.74756762496251,157.9594136714462,13495.98,13257.99,13637.02,11732.56666666665,9622.21,False
15/9-F-14,2014-09-01,74,9622.21,689.66666,13.951972102000695,91.05439778036396,157.6253656904183,8443.73,13495.98,13257.99,10520.639999999985,10076.22,False
15/9-F-14,2014-10-01,75,10076.22,745.0,13.525127516778523,91.24108720108777,154.70029832615802,9622.21,8443.73,13495.98,9380.71999999998,10386.41,False
15/9-F-14,2014-11-01,76,10386.41,708.5,14.65971771347918,90.87079797291548,158.19640665061365,10076.22,9622.21,8443.73,10028.279999999982,9665.11,False
15/9-F-14,2014-12-01,77,9665.11,740.83334,13.0462675991337,91.20714555715722,165.74568732275162,10386.41,10076.22,9622.21,10042.579999999982,9120.98,False
15/9-F-14,2015-01-01,78,9120.98,718.13333,12.700956241649443,91.24210734121569,148.792410464665,9665.11,10386.41,10076.22,9724.16666666665,7178.8,False
15/9-F-14,2015-02-01,79,7178.8,655.05833,10.959024061261845,92.75039016085717,152.19410486432272,9120.98,9665.11,10386.41,8654.963333333317,8069.04,False
15/9-F-14,2015-03-01,80,8069.04,744.0,10.845483870967742,93.01523146355582,148.1618941038835,7178.8,9120.98,9665.11,8122.939999999983,7687.2,False
15/9-F-14,2015-04-01,81,7687.2,720.0,10.676666666666666,92.94689268563998,145.85759444270997,8069.04,7178.8,9120.98,7645.013333333317,7147.79,False
15/9-F-14,2015-05-01,82,7147.79,744.0,9.607244623655914,93.506451858483,145.8502306307264,7687.2,8069.04,7178.8,7634.676666666649,6069.93,False
15/9-F-14,2015-06-01,83,6069.93,718.81667,8.44433671801184,94.29716170128808,146.46888184871983,7147.79,7687.2,8069.04,6968.306666666649,6720.74,False
15/9-F-14,2015-07-01,84,6720.74,741.04194,9.069311245730573,93.47154138587024,148.66551004800067,6069.93,7147.79,7687.2,6646.153333333316,4876.31,False
15/9-F-14,2015-08-01,85,4876.31,629.39181,7.74765404081124,94.22737101048324,151.24233898173003,6720.74,6069.93,7147.79,5888.9933333333165,5300.41,False
15/9-F-14,2015-09-01,86,5300.41,719.07486,7.371151871447711,94.09830921844052,150.7873655056873,4876.31,6720.74,6069.93,5632.486666666649,5634.86,False
15/9-F-14,2015-10-01,87,5634.86,741.91667,7.595003897135779,94.55568187889776,153.19462772810684,5300.41,4876.31,6720.74,5270.526666666649,5431.56,False
15/9-F-14,2015-11-01,88,5431.56,719.50001,7.549075642125426,94.64832129699258,153.75111754265808,5634.86,5300.41,4876.31,5455.609999999983,5158.09,False
15/9-F-14,2015-12-01,89,5158.09,740.5,6.965685347738015,94.82907783956666,153.18293399300904,5431.56,5634.86,5300.41,5408.169999999984,4606.3,False
15/9-F-14,2016-01-01,90,4606.3,736.33332,6.255726686387084,95.47310268429688,156.55165099971776,5158.09,5431.56,5634.86,5065.31666666665,3941.77,False
15/9-F-14,2016-02-01,91,3941.77,695.58333,5.666855184698,95.63478783188675,157.71055388822788,4606.3,5158.09,5431.56,4568.719999999983,3753.8,False
15/9-F-14,2016-03-01,92,3753.8,737.66666,5.088748351457284,96.31521745105476,161.14634770099633,3941.77,4606.3,5158.09,4100.623333333316,3112.41,False
15/9-F-14,2016-04-01,93,3112.41,715.83333,4.347953454472425,96.72541141595094,165.278488373961,3753.8,3941.77,4606.3,3602.659999999983,3212.96,False
15/9-F-14,2016-05-01,94,3212.96,738.0,4.35360433604336,96.53134871758164,157.75391850505454,3112.41,3753.8,3941.77,3359.7233333333165,3075.03,False
15/9-F-14,2016-06-01,95,3075.03,716.08333,4.294234862302966,96.63768543803972,161.0077625258941,3212.96,3112.41,3753.8,3133.4666666666494,1326.86,False
15/9-F-14,2016-07-01,96,1326.86,301.225,4.404880073035106,96.61682566119096,162.25413381969463,3075.03,3212.96,3112.41,2538.2833333333165,0.0,False
15/9-F-14,2016-08-01,97,0.0,0.0,,,,1326.86,3075.03,3212.96,1467.2966666666496,0.0,True
15/9-F-15 D,2014-01-01,0,5674.63,339.91667,16.69417978235666,0.0,144.67356638230157,,,,,7898.6,False
15/9-F-15 D,2014-02-01,1,7898.6,595.65001,13.26047153092468,0.0,151.442520193452,5674.63,,,,7081.47,False
15/9-F-15 D,2014-03-01,2,7081.47,670.75,10.55754006708908,0.0,151.99724774658367,7898.6,5674.63,,6884.900000000001,7163.3,False
15/9-F-15 D,2014-04-01,3,7163.3,700.875,10.220510076689852,0.0,149.9686359638714,7081.47,7898.6,5674.63,7381.123333333333,7218.61,False
15/9-F-15 D,2014-05-01,4,7218.61,744.0,9.702432795698924,0.0,140.47025950979483,7163.3,7081.47,7898.6,7154.46,7012.55,False
15/9-F-15 D,2014-06-01,5,7012.55,709.33334,9.886113628889907,0.0,147.19673727816556,7218.61,7163.3,7081.47,7131.486666666667,6847.42,False
15/9-F-15 D,2014-07-01,6,6847.42,732.66639,9.345890699312683,0.0,149.10788442946392,7012.55,7218.61,7163.3,7026.193333333334,3475.39,False
15/9-F-15 D,2014-08-01,7,3475.39,433.325,8.020285005480874,0.0,151.5257481894118,6847.42,7012.55,7218.61,5778.453333333334,5314.55,False
15/9-F-15 D,2014-09-01,8,5314.55,647.45834,8.208327349679363,0.0,156.78630363812553,3475.39,6847.42,7012.55,5212.453333333334,5732.97,False
15/9-F-15 D,2014-10-01,9,5732.97,733.33333,7.817686399171301,3.089718125343363,154.6980291192872,5314.55,3475.39,6847.42,4840.97,4716.31,False
15/9-F-15 D,2014-11-01,10,4716.31,597.375,7.895057543419126,3.9287620335779088,155.21713373378762,5732.97,5314.55,3475.39,5254.61,0.0,False
15/9-F-15 D,2014-12-01,11,0.0,0.0,,,,4716.31,5732.97,5314.55,3483.0933333333337,5975.51,False
15/9-F-15 D,2015-01-01,12,5975.51,697.46666,8.567448944441301,3.3605032911228627,147.07926018030258,0.0,4716.31,5732.97,3563.94,4581.29,False
15/9-F-15 D,2015-02-01,13,4581.29,649.39166,7.054741047952479,5.350723511862951,152.1318558746554,5975.51,0.0,4716.31,3518.933333333333,4133.47,False
15/9-F-15 D,2015-03-01,14,4133.47,665.66667,6.209519247824141,6.971086219197383,147.6290912961749,4581.29,5975.51,0.0,4896.756666666667,4259.92,False
15/9-F-15 D,2015-04-01,15,4259.92,720.0,5.916555555555556,6.9469959261241385,145.8645091926609,4133.47,4581.29,5975.51,4324.893333333333,4057.96,False
15/9-F-15 D,2015-05-01,16,4057.96,737.16667,5.504806667398569,6.921758916263164,145.8590720460527,4259.92,4133.47,4581.29,4150.45,3665.8,False
15/9-F-15 D,2015-06-01,17,3665.8,718.98334,5.098588237107135,7.367772030414138,146.49538981941186,4057.96,4259.92,4133.47,3994.56,2238.45,False
15/9-F-15 D,2015-07-01,18,2238.45,420.18361,5.32731393306845,7.624215912842523,147.39748933413748,3665.8,4057.96,4259.92,3320.736666666666,3577.67,False
15/9-F-15 D,2015-08-01,19,3577.67,276.29097,12.948921204337584,34.16442011317109,151.57516484192226,2238.45,3665.8,4057.96,3160.64,7417.35,False
15/9-F-15 D,2015-09-01,20,7417.35,719.15805,10.31393585874482,34.95817684543189,151.16540004179387,3577.67,2238.45,3665.8,4411.156666666667,6346.83,False
15/9-F-15 D,2015-10-01,21,6346.83,743.16667,8.540251139088356,36.37550185705908,153.2124997833564,7417.35,3577.67,2238.45,5780.616666666666,3926.01,False
15/9-F-15 D,2015-11-01,22,3926.01,438.72541,8.948672473746162,41.10820102962883,154.28833344795353,6346.83,7417.35,3577.67,5896.7300000000005,4919.04,False
15/9-F-15 D,2015-12-01,23,4919.04,541.175,9.089555134660692,50.78489401679644,152.79540520101483,3926.01,6346.83,7417.35,5063.96,2890.93,False
15/9-F-15 D,2016-01-01,24,2890.93,350.4,8.25037100456621,55.79509590448696,154.1261877665665,4919.04,3926.01,6346.83,3911.993333333333,5109.33,False
15/9-F-15 D,2016-02-01,25,5109.33,694.75,7.354199352284994,53.55302331289459,157.71047280171763,2890.93,4919.04,3926.01,4306.433333333333,3747.55,False
15/9-F-15 D,2016-03-01,26,3747.55,550.65832,6.805581363049232,57.32978540498873,160.2630812130592,5109.33,2890.93,4919.04,3915.936666666667,4544.16,False
15/9-F-15 D,2016-04-01,27,4544.16,576.50834,7.882210342351683,55.58986968665769,165.29512385127285,3747.55,5109.33,2890.93,4467.013333333333,4699.01,False
15/9-F-15 D,2016-05-01,28,4699.01,677.16667,6.939222215411164,56.096902404341165,157.5209693105569,4544.16,3747.55,5109.33,4330.240000000001,3463.91,False
15/9-F-15 D,2016-06-01,29,3463.91,604.91666,5.726259878509546,60.87926807093866,160.37829216117046,4699.01,4544.16,3747.55,4235.693333333334,828.57,False
15/9-F-15 D,2016-07-01,30,828.57,138.375,5.987859078590787,58.58702986380108,160.71102019141412,3463.91,4699.01,4544.16,2997.1633333333334,0.0,False
15/9-F-15 D,2016-08-01,31,0.0,0.0,,,,828.57,3463.91,4699.01,1430.8266666666666,0.0,True
